Squad,Year,Rank,# Pl.x,MP,Starts,Min,90s.x,GA.x,GA90,SoTA,Saves,Save%,W,D,L,CS,CS%,PKatt,PKA.x,PKsv,PKm,# Pl.y,90s.y,GA.y,PKA.y,FK,CK,OG,PSxG,PSxG/SoT,PSxG+/-,/90,Cmp,Att.x,Cmp%,Att (GK),Thr,Launch%,AvgLen,Opp,Stp,Stp%,#OPA,#OPA/90,AvgDist,# Pl,90s,Tkl,TklW,Def 3rd,Mid 3rd,Att 3rd,Att.y,Tkl%,Lost,Blocks,Sh,Pass,Int,Tkl+Int,Clr,Err,opp_90,tkl_90,int_90,tkl_int_90,def_3rd_90,att_3rd_90,save_performance,prop_tkl_w
Manchester City,22/23,W,2,13,13,1170,13,5,0.38,37,32,89.2,8,5,0,8,61.5,1,1,0,0,2,13,5,1,0,3,0,7.6,0.19,2.6,0.2,48,101,47.5,340,51,22.6,29.6,93,5,5.4,14,1.08,16.2,23,13,185,112,68,80,37,177,49.7,89,104,24,80,84,269,126,3,7.153846153846154,14.23076923076923,6.461538461538462,20.692307692307693,5.230769230769231,2.8461538461538463,Overperformed,0.6054054054054054
Inter,22/23,F,1,13,13,1170,13,11,0.8500000000000001,57,47,80.7,7,3,3,8,61.5,0,0,0,0,1,13,11,0,0,2,1,17.6,0.31,7.6,0.58,84,191,44,419,63,35.8,34,196,14,7.1,3,0.23,10.1,22,13,230,138,130,73,27,227,45.4,124,149,46,103,123,353,276,1,15.076923076923077,17.692307692307693,9.461538461538462,27.153846153846153,10,2.076923076923077,Overperformed,0.6
Real Madrid,22/23,SF,2,12,12,1080,12,13,1.08,58,44,77.6,8,2,2,5,41.7,1,0,1,0,2,12,13,0,1,2,0,18.6,0.31,5.6,0.47000000000000003,26,95,27.4,322,80,22,30,147,10,6.8,8,0.6699999999999999,11.5,22,12,173,98,85,68,20,178,47.8,93,133,34,99,111,284,179,1,12.25,14.416666666666666,9.25,23.666666666666668,7.083333333333333,1.6666666666666667,Overperformed,0.5664739884393064
Milan,22/23,SF,2,12,12,1080,12,11,0.92,52,40,80.8,5,3,4,5,41.7,2,1,1,0,2,12,11,1,0,3,0,14.4,0.24000000000000002,3.4,0.28,75,144,52.1,338,48,30.8,32.7,163,11,6.7,21,1.75,21.3,23,12,214,123,111,80,23,183,48.6,94,129,46,83,103,317,187,4,13.583333333333334,17.833333333333332,8.583333333333334,26.416666666666668,9.25,1.9166666666666667,Overperformed,0.5747663551401869
Bayern Munich,22/23,QF,3,10,10,900,10,6,0.6,36,30,83.3,8,1,1,7,70,1,0,0,1,3,10,6,0,0,1,0,10.6,0.3,4.6,0.46,24,62,38.7,326,45,16.6,33.2,113,2,1.8,7,0.7,NA,24,10,189,118,94,69,26,175,45.7,95,146,34,112,120,309,131,5,11.3,18.9,12,30.9,9.4,2.6,Overperformed,0.6243386243386243
Napoli,22/23,QF,1,10,10,900,10,8,0.8,30,21,76.7,7,1,2,4,40,2,1,1,0,1,10,8,1,0,2,0,11.4,0.32999999999999996,3.4,0.33999999999999997,21,47,44.7,245,48,15.5,24.8,129,7,5.4,11,1.1,13.6,22,10,173,104,79,64,30,141,55.3,63,95,29,66,88,261,160,4,12.9,17.3,8.8,26.1,7.9,3,Overperformed,0.6011560693641619
Benfica,22/23,QF,1,10,10,900,10,13,1.3,31,18,67.7,6,3,1,2,20,3,3,0,0,1,10,13,3,0,1,0,12.1,0.32,-0.9,-0.09,28,93,30.1,199,42,33.7,33.5,140,6,4.3,11,1.1,14.8,24,10,189,105,80,78,31,189,43.4,107,126,33,93,123,312,160,1,14,18.9,12.3,31.2,8,3.1,Underperformed,0.5555555555555556
Chelsea,22/23,QF,2,10,10,900,10,9,0.9,37,28,75.7,5,1,4,3,30,0,0,0,0,2,10,9,0,0,1,0,10.4,0.31,1.4,0.14,27,87,31,248,53,24.6,27.5,95,7,7.4,12,1.2,22.7,26,10,175,104,81,68,26,174,50,87,136,30,106,93,268,141,1,9.5,17.5,9.3,26.8,8.1,2.6,Overperformed,0.5942857142857143
Liverpool,22/23,R16,1,8,8,720,8,12,1.5,28,15,60.7,5,0,3,3,37.5,2,1,1,0,1,8,12,1,0,0,0,12.6,0.4,0.6,0.08,28,51,54.9,235,36,17.9,26.5,56,7,12.5,10,1.25,17.4,25,8,141,81,58,64,19,125,53.6,58,83,20,63,60,201,76,3,7,17.625,7.5,25.125,7.25,2.375,Overperformed,0.574468085106383
Paris S-G,22/23,R16,1,8,8,720,8,10,1.25,35,26,74.3,4,2,2,0,0,1,1,0,0,1,8,10,1,0,2,1,10.1,0.26,1.1,0.13,13,42,31,174,41,19,25.1,99,2,2,8,1,13.3,21,8,117,77,58,45,14,139,42.4,80,77,23,54,62,179,97,3,12.375,14.625,7.75,22.375,7.25,1.75,Overperformed,0.6581196581196581
Porto,22/23,R16,1,8,8,720,8,8,1,38,28,81.6,4,1,3,4,50,4,1,3,0,1,8,8,1,0,1,1,10.7,0.18,3.7,0.46,56,147,38.1,320,44,37.2,36.1,117,9,7.7,8,1,13.6,24,8,136,88,76,45,15,127,44.9,70,85,23,62,77,213,152,1,14.625,17,9.625,26.625,9.5,1.875,Overperformed,0.6470588235294118
RB Leipzig,22/23,R16,2,8,8,720,8,17,2.12,39,22,61.5,4,1,3,2,25,2,2,0,0,2,8,17,2,0,3,0,14.4,0.35,-2.6,-0.32999999999999996,14,52,26.9,277,34,16.6,25.4,92,6,6.5,5,0.63,17.8,22,8,136,79,62,57,17,152,45.4,83,80,17,63,68,204,108,6,11.5,17,8.5,25.5,7.75,2.125,Underperformed,0.5808823529411765
Dortmund,22/23,R16,2,8,8,720,8,7,0.8700000000000001,36,28,83.3,3,3,2,3,37.5,2,1,1,0,2,8,7,1,0,1,0,11,0.26,4,0.5,37,96,38.5,277,30,27.4,29.4,121,6,5,13,1.6300000000000001,20.6,26,8,111,67,53,42,16,116,43.1,66,106,31,75,89,200,136,4,15.125,13.875,11.125,25,6.625,2,Overperformed,0.6036036036036037
Tottenham,22/23,R16,2,8,8,720,8,7,0.8700000000000001,30,23,76.7,3,3,2,3,37.5,0,0,0,0,2,8,7,0,0,3,0,9.9,0.37,2.9,0.36,23,47,48.9,179,46,20.7,26.6,96,6,6.3,16,2,25,25,8,153,88,56,73,24,143,49.7,72,75,28,47,71,224,132,5,12,19.125,8.875,28,7,3,Overperformed,0.5751633986928104
Club Brugge,22/23,R16,1,8,8,720,8,11,1.37,45,34,80,3,2,3,5,62.5,3,2,0,1,1,8,11,2,0,0,0,15.1,0.31,4.1,0.51,80,155,51.6,246,30,45.1,37,112,6,5.4,5,0.63,9.6,25,8,113,64,58,40,15,98,48,51,84,30,54,72,185,161,4,14,14.125,9,23.125,7.25,1.875,Overperformed,0.5663716814159292
Eint Frankfurt,22/23,R16,1,8,8,720,8,13,1.62,41,27,73.2,3,1,4,2,25,4,2,1,1,1,8,13,2,0,0,0,14.5,0.29000000000000004,1.5,0.19,25,99,25.3,184,33,47.8,37.2,81,4,4.9,5,0.63,13,22,8,154,88,75,66,13,154,42.9,88,99,17,82,85,239,129,3,10.125,19.25,10.625,29.875,9.375,1.625,Overperformed,0.5714285714285714
Barcelona,22/23,GR,2,6,6,540,6,12,2,30,18,63.3,2,1,3,0,0,1,1,0,0,2,6,12,1,0,2,0,12.6,0.4,0.6,0.1,25,38,65.8,165,27,17.6,20,59,1,1.7,6,1,8,26,6,94,58,31,44,19,69,55.1,31,60,20,40,51,145,58,3,9.833333333333334,15.666666666666666,8.5,24.166666666666668,5.166666666666667,3.1666666666666665,Overperformed,0.6170212765957447
Sporting CP,22/23,GR,2,6,6,537,6,9,1.51,29,20,75.9,2,1,3,2,33.3,2,2,0,0,2,6,9,2,0,2,0,10.6,0.31,1.6,0.27,26,107,24.3,229,40,29.7,32.4,105,11,10.5,3,0.5,5.3,25,6,127,75,70,49,8,89,62.9,33,62,15,47,50,177,127,4,17.5,21.166666666666668,8.333333333333334,29.5,11.666666666666666,1.3333333333333333,Overperformed,0.5905511811023622
Marseille,22/23,GR,1,6,6,540,6,8,1.33,20,12,60,2,0,4,1,16.7,0,0,0,0,1,6,8,0,0,1,0,5.4,0.27,-2.6,-0.43000000000000005,18,56,32.1,151,20,30.5,32.8,44,3,6.8,11,1.83,17,19,6,107,58,40,51,16,69,58,29,54,20,34,68,175,57,1,7.333333333333333,17.833333333333332,11.333333333333334,29.166666666666668,6.666666666666667,2.6666666666666665,Underperformed,0.5420560747663551
Shakhtar,22/23,GR,1,6,6,540,6,10,1.6700000000000002,38,30,73.7,1,3,2,0,0,0,0,0,0,1,6,10,0,0,0,2,9,0.25,1,0.17,22,71,31,172,25,24.4,27,122,4,3.3,2,0.32999999999999996,8.7,20,6,106,52,68,30,8,99,45.5,54,57,17,40,65,171,156,5,20.333333333333332,17.666666666666668,10.833333333333334,28.5,11.333333333333334,1.3333333333333333,Overperformed,0.49056603773584906
RB Salzburg,22/23,GR,1,6,6,540,6,9,1.5,30,21,70,1,3,2,1,16.7,0,0,0,0,1,6,9,0,0,2,0,9.4,0.31,0.4,0.07,29,73,39.7,111,11,54.1,42.4,89,2,2.2,8,1.33,16.2,19,6,154,85,77,54,23,120,58.3,50,93,23,70,51,205,118,3,14.833333333333334,25.666666666666668,8.5,34.166666666666664,12.833333333333334,3.8333333333333335,Overperformed,0.551948051948052
Ajax,22/23,GR,1,6,6,540,6,16,2.67,37,21,62.2,2,0,4,1,16.7,2,2,0,0,1,6,16,2,0,3,0,14.6,0.33999999999999997,-1.4,-0.24000000000000002,20,101,19.8,235,29,37.9,32.8,85,4,4.7,5,0.8300000000000001,12.4,19,6,110,60,44,50,16,104,60.6,41,62,15,47,53,163,109,5,14.166666666666666,18.333333333333332,8.833333333333334,27.166666666666668,7.333333333333333,2.6666666666666665,Underperformed,0.5454545454545454
Atlético Madrid,22/23,GR,2,6,6,540,6,9,1.5,27,18,70.4,1,2,3,1,16.7,1,1,0,0,2,6,9,1,0,0,0,9.9,0.32999999999999996,0.9,0.15000000000000002,17,56,30.4,99,27,30.3,33.3,53,3,5.7,4,0.6699999999999999,9.3,22,6,85,48,38,30,17,79,60.8,31,81,21,60,42,127,79,2,8.833333333333334,14.166666666666666,7,21.166666666666668,6.333333333333333,2.8333333333333335,Overperformed,0.5647058823529412
Leverkusen,22/23,GR,1,6,6,540,6,8,1.33,24,15,75,1,2,3,2,33.3,3,2,1,0,1,6,8,2,0,1,0,7,0.17,-1,-0.17,22,58,37.9,163,28,28.2,30.8,91,5,5.5,2,0.32999999999999996,10,20,6,103,66,41,45,17,86,61.6,33,65,19,46,43,146,119,2,15.166666666666666,17.166666666666668,7.166666666666667,24.333333333333332,6.833333333333333,2.8333333333333335,Underperformed,0.6407766990291263
Sevilla,22/23,GR,2,6,6,540,6,12,2,30,18,60,1,2,3,2,33.3,0,0,0,0,2,6,12,0,0,1,0,10.1,0.36,-1.9,-0.32,29,86,33.7,226,23,25.2,28.5,73,8,11,4,0.6699999999999999,11.4,24,6,82,49,38,30,14,93,46.2,50,64,19,45,49,131,90,6,12.166666666666666,13.666666666666666,8.166666666666666,21.833333333333332,6.333333333333333,2.3333333333333335,Underperformed,0.5975609756097561
Dinamo Zagreb,22/23,GR,1,6,6,540,6,11,1.83,35,25,77.1,1,1,4,1,16.7,3,3,0,0,1,6,11,3,0,0,1,12.5,0.27,2.5,0.41000000000000003,34,110,30.9,177,27,42.4,35.7,101,3,3,3,0.5,10.8,20,6,105,54,60,36,9,99,50.5,49,73,31,42,66,171,127,1,16.833333333333332,17.5,11,28.5,10,1.5,Overperformed,0.5142857142857142
Juventus,22/23,GR,2,6,6,540,6,13,2.17,32,19,65.6,1,0,5,0,0,2,2,0,0,2,6,13,2,0,1,0,11.4,0.3,-1.6,-0.27,16,37,43.2,116,27,25.9,32.3,64,2,3.1,4,0.6699999999999999,10.7,26,6,96,48,47,35,14,94,52.1,45,77,21,56,51,147,78,0,10.666666666666666,16,8.5,24.5,7.833333333333333,2.3333333333333335,Underperformed,0.5
FC Copenhagen,22/23,GR,2,6,6,540,6,12,2,38,26,71.1,0,3,3,2,33.3,2,1,1,0,2,6,12,1,0,1,1,11.6,0.26,0.6,0.11,32,101,31.7,144,23,45.8,39.1,76,8,10.5,4,0.6699999999999999,13.2,25,6,88,46,51,23,14,82,48.8,42,77,25,52,83,171,104,0,12.666666666666666,14.666666666666666,13.833333333333334,28.5,8.5,2.3333333333333335,Overperformed,0.5227272727272727
Maccabi Haifa,22/23,GR,1,6,6,540,6,21,3.5,42,22,50,1,0,5,1,16.7,0,0,0,0,1,6,21,0,1,2,1,17.7,0.42000000000000004,-2.3,-0.38,19,49,38.8,104,30,30.8,32.5,82,4,4.9,8,1.33,17.2,20,6,124,73,76,32,16,110,47.3,58,55,18,37,53,177,104,0,13.666666666666666,20.666666666666668,8.833333333333334,29.5,12.666666666666666,2.6666666666666665,Underperformed,0.5887096774193549
Celtic,22/23,GR,1,6,6,540,6,15,2.5,31,16,58.1,0,2,4,0,0,2,2,0,0,1,6,15,2,0,0,0,13.3,0.4,-1.7,-0.28,7,17,41.2,142,32,9.2,24.5,59,0,0,6,1,19.3,22,6,89,45,35,36,18,81,50.6,40,78,27,51,65,154,84,2,9.833333333333334,14.833333333333334,10.833333333333334,25.666666666666668,5.833333333333333,3,Underperformed,0.5056179775280899
Viktoria Plzeň,22/23,GR,2,6,6,540,6,24,4,55,31,56.4,0,0,6,0,0,0,0,0,0,2,6,24,0,0,1,0,23,0.43000000000000005,-1,-0.17,54,118,45.8,132,24,56.8,43,79,2,2.5,8,1.33,9.3,22,6,95,41,52,28,15,98,41.8,57,61,20,41,67,162,128,0,13.166666666666666,15.833333333333334,11.166666666666666,27,8.666666666666666,2.5,Underperformed,0.43157894736842106
Rangers,22/23,GR,2,6,6,540,6,22,3.67,51,28,60.8,0,0,6,0,0,3,2,1,0,2,6,22,2,1,3,0,18.2,0.3,-3.8,-0.64,31,105,29.5,168,25,42.9,35.7,67,2,3,7,1.1700000000000002,20.2,22,6,89,45,38,42,9,91,42.9,52,63,24,39,58,147,105,3,11.166666666666666,14.833333333333334,9.666666666666666,24.5,6.333333333333333,1.5,Underperformed,0.5056179775280899
Real Madrid,21/22,W,1,13,13,1230,13.7,14,1.02,72,57,80.6,9,0,4,5,38.5,1,0,1,0,1,12,14,0,1,0,1,15.3,0.4,2.3,0.19,27,109,24.8,370,68,22.2,30.3,116,11,9.5,21,1.75,18.2,25,13.7,236,141,115,87,34,247,42.1,143,147,55,92,132,368,203,4,8.467153284671534,17.226277372262775,9.635036496350365,26.86131386861314,8.394160583941606,2.4817518248175183,Overperformed,0.597457627118644
Liverpool,21/22,F,1,13,13,1170,13,14,1.08,28,14,50,10,1,2,4,30.8,0,0,0,0,3,10,6,1,0,0,0,12.2,0.3,6.2,0.62,49,120,40.8,307,50,30,37.9,120,6,5,15,1.5,13,28,13,215,127,78,91,46,217,48.4,112,136,15,121,139,354,156,2,9.23076923076923,16.53846153846154,10.692307692307692,27.23076923076923,6,3.5384615384615383,Overperformed,0.5906976744186047
Manchester City,21/22,SF,3,12,12,1110,12.3,16,1.3,34,19,58.8,7,2,3,4,33.3,2,2,0,0,2,13,5,0,0,1,0,6.5,0.28,1.5,0.12000000000000001,31,71,43.7,307,58,18.9,21.8,85,4,4.7,19,1.46,NA,26,12.3,185,99,85,71,29,199,49.7,100,113,20,93,140,325,104,2,6.9105691056910565,15.040650406504064,11.38211382113821,26.422764227642276,6.9105691056910565,2.357723577235772,Overperformed,0.5351351351351351
Villarreal,21/22,SF,NA,NA,NA,NA,NA,NA,NA,NA,NA,NA,NA,NA,NA,NA,NA,NA,NA,NA,NA,NA,NA,NA,NA,NA,NA,NA,NA,NA,NA,NA,NA,NA,NA,NA,NA,NA,NA,NA,NA,NA,NA,NA,NA,25,12,196,110,112,61,23,202,41.6,118,130,48,82,114,310,269,9,NA,NA,NA,NA,NA,NA,NA,0.5612244897959183
Bayern Munich,21/22,QF,2,10,10,900,10,7,0.7,25,18,72,7,2,1,4,40,0,0,0,0,2,10,10,0,0,1,0,15.2,0.32999999999999996,5.2,0.52,32,68,47.1,341,68,17.3,27.5,111,3,2.7,28,2.8,21.1,24,10,172,98,70,70,32,168,42.9,96,102,21,81,112,284,99,3,11.1,17.2,11.2,28.4,7,3.2,Overperformed,0.5697674418604651
Chelsea,21/22,QF,2,10,10,930,10.3,10,0.97,23,13,60.9,7,1,2,5,50,1,1,0,0,2,13,4,0,0,2,0,7.3,0.2,3.3,0.25,48,115,41.7,315,53,24.4,25.1,158,7,4.4,5,0.38,8,24,10.3,168,95,59,71,38,141,48.9,72,111,19,92,84,252,94,5,15.339805825242717,16.310679611650485,8.155339805825243,24.466019417475728,5.7281553398058245,3.6893203883495143,Overperformed,0.5654761904761905
Benfica,21/22,QF,NA,NA,NA,NA,NA,NA,NA,NA,NA,NA,NA,NA,NA,NA,NA,NA,NA,NA,NA,NA,NA,NA,NA,NA,NA,NA,NA,NA,NA,NA,NA,NA,NA,NA,NA,NA,NA,NA,NA,NA,NA,NA,NA,24,10,156,84,103,47,6,186,44.1,104,104,31,73,107,263,215,1,NA,NA,NA,NA,NA,NA,NA,0.5384615384615384
Atlético Madrid,21/22,QF,1,10,10,900,10,10,1,36,26,77.8,3,3,4,3,30,2,2,0,0,1,8,11,2,0,0,1,9.7,0.32,-0.3,-0.04,41,119,34.5,147,30,55.8,38.8,93,3,3.2,4,0.5,14.3,22,10,176,107,93,67,16,218,42.2,126,86,27,59,110,286,180,1,9.3,17.6,11,28.6,9.3,1.6,Underperformed,0.6079545454545454
Ajax,21/22,R16,2,8,8,720,8,8,1,22,15,72.7,6,1,1,2,25,2,2,0,0,1,6,7,1,0,0,1,8.4,0.27,2.4,0.41000000000000003,22,77,28.6,283,34,25.4,29.3,64,2,3.1,5,0.8300000000000001,15.9,21,8,145,95,49,69,27,133,41.4,78,94,18,76,63,208,102,3,8,18.125,7.875,26,6.125,3.375,Overperformed,0.6551724137931034
Juventus,21/22,R16,2,8,8,720,8,10,1.25,24,15,66.7,5,1,2,4,50,2,2,0,0,2,8.3,8,2,1,0,0,10.4,0.25,2.4,0.29000000000000004,10,21,47.6,146,31,9.6,22.2,67,3,4.5,10,1.2,17.2,28,8,141,84,74,42,25,117,43.6,66,86,29,57,93,234,117,2,8.375,17.625,11.625,29.25,9.25,3.125,Overperformed,0.5957446808510638
Paris S-G,21/22,R16,2,8,8,720,8,11,1.37,41,29,75.6,4,2,2,2,25,2,1,1,0,1,12,15,3,1,2,0,18.7,0.22,3.7,0.31,47,140,33.6,334,62,32.3,32.7,181,5,2.8,8,0.6699999999999999,12.5,21,8,126,63,78,35,13,137,41.6,80,102,35,67,55,181,166,5,22.625,15.75,6.875,22.625,9.75,1.625,Overperformed,0.5
Inter,21/22,R16,1,8,8,720,8,7,0.8700000000000001,19,12,63.2,4,1,3,3,37.5,0,0,0,0,1,6,9,2,0,1,1,6.8,0.21000000000000002,-1.2,-0.2,14,29,48.3,151,21,18.5,26.8,48,1,2.1,10,1.6700000000000002,20.5,22,8,135,76,54,55,26,125,44.8,69,81,26,55,84,219,105,0,6,16.875,10.5,27.375,6.75,3.25,Underperformed,0.562962962962963
Manchester Utd,21/22,R16,3,8,8,720,8,10,1.25,33,23,69.7,3,3,2,1,12.5,0,0,0,0,2,6,10,0,1,1,1,7.8,0.33999999999999997,-1.2,-0.19,24,51,47.1,95,21,35.8,32.4,70,2,2.9,4,0.6699999999999999,14.5,31,8,131,74,54,58,19,120,52.5,57,87,26,61,85,216,124,7,8.75,16.375,10.625,27,6.75,2.375,Underperformed,0.5648854961832062
Lille,21/22,R16,NA,NA,NA,NA,NA,NA,NA,NA,NA,NA,NA,NA,NA,NA,NA,NA,NA,NA,NA,NA,NA,NA,NA,NA,NA,NA,NA,NA,NA,NA,NA,NA,NA,NA,NA,NA,NA,NA,NA,NA,NA,NA,NA,23,8,149,86,80,51,18,154,55.8,68,97,20,77,57,206,127,3,NA,NA,NA,NA,NA,NA,NA,0.5771812080536913
RB Salzburg,21/22,R16,1,8,8,720,8,14,1.75,30,16,63.3,3,2,3,1,12.5,3,3,0,0,1,6,17,2,0,3,1,12.4,0.32999999999999996,-3.6,-0.6,11,36,30.6,94,19,34,32.1,67,3,4.5,3,0.5,13.4,21,8,175,94,82,68,25,225,43.6,127,100,26,74,96,271,125,1,8.375,21.875,12,33.875,10.25,3.125,Underperformed,0.5371428571428571
Sporting CP,21/22,R16,NA,NA,NA,NA,NA,NA,NA,NA,NA,NA,NA,NA,NA,NA,NA,NA,NA,NA,NA,NA,NA,NA,NA,NA,NA,NA,NA,NA,NA,NA,NA,NA,NA,NA,NA,NA,NA,NA,NA,NA,NA,NA,NA,27,8,134,72,64,57,13,173,37,109,87,26,61,115,249,133,3,NA,NA,NA,NA,NA,NA,NA,0.5373134328358209
Dortmund,21/22,GR,1,6,6,540,6,11,1.83,23,12,52.2,3,0,3,2,33.3,1,0,1,0,2,10,13,3,0,2,1,14.9,0.3,2.9,0.29000000000000004,27,96,28.1,250,39,30.4,32.5,150,7,4.7,3,0.3,9.3,23,6,108,66,51,45,12,119,44.5,66,76,14,62,61,169,84,1,25,18,10.166666666666666,28.166666666666668,8.5,2,Overperformed,0.6111111111111112
RB Leipzig,21/22,GR,2,6,6,540,6,14,2.3299999999999996,27,14,55.6,2,1,3,1,16.7,3,2,0,1,1,8,16,3,1,1,1,16.7,0.35,1.7,0.22,26,75,34.7,261,43,25.7,30.4,81,5,6.2,14,1.75,18.6,23,6,100,52,44,36,20,126,34.9,82,78,21,57,70,170,81,1,13.5,16.666666666666668,11.666666666666666,28.333333333333332,7.333333333333333,3.3333333333333335,Overperformed,0.52
Sheriff Tiraspol,21/22,GR,NA,NA,NA,NA,NA,NA,NA,NA,NA,NA,NA,NA,NA,NA,NA,NA,NA,NA,NA,NA,NA,NA,NA,NA,NA,NA,NA,NA,NA,NA,NA,NA,NA,NA,NA,NA,NA,NA,NA,NA,NA,NA,NA,19,6,106,58,70,27,9,131,42,76,92,38,54,67,173,163,0,NA,NA,NA,NA,NA,NA,NA,0.5471698113207547
Barcelona,21/22,GR,1,6,6,540,6,9,1.5,25,16,68,2,1,3,3,50,1,1,0,0,2,8,10,4,0,0,0,12.8,0.32,2.8,0.35,15,32,46.9,168,29,12.5,23.3,67,0,0,9,1.1300000000000001,20.7,23,6,101,61,37,46,18,116,44.8,64,47,11,36,63,164,55,1,11.166666666666666,16.833333333333332,10.5,27.333333333333332,6.166666666666667,3,Overperformed,0.6039603960396039
Sevilla,21/22,GR,1,6,6,540,6,5,0.8300000000000001,19,14,84.2,1,3,2,2,33.3,4,2,0,2,3,8,13,4,1,0,0,12.1,0.24000000000000002,-0.9,-0.11,28,64,43.8,183,26,24,25.5,80,3,3.8,9,1.1300000000000001,14,22,6,73,42,39,23,11,101,40.6,60,65,19,46,64,137,70,3,13.333333333333334,12.166666666666666,10.666666666666666,22.833333333333332,6.5,1.8333333333333333,Underperformed,0.5753424657534246
Atalanta,21/22,GR,1,6,6,540,6,13,2.17,34,21,61.8,1,3,2,1,16.7,0,0,0,0,2,8,12,2,0,1,0,10.9,0.24000000000000002,-1.1,-0.14,51,95,53.7,150,31,39.3,28.3,81,5,6.2,8,1,16.8,21,6,115,66,57,33,25,102,58.8,42,65,18,47,74,189,88,4,13.5,19.166666666666668,12.333333333333334,31.5,9.5,4.166666666666667,Underperformed,0.5739130434782609
Zenit,21/22,GR,2,6,6,540,6,10,1.6700000000000002,26,16,65.4,1,2,3,1,16.7,1,1,0,0,1,6,13,3,0,1,0,12.7,0.35,-0.3,-0.05,25,60,41.7,151,43,29.8,32.6,90,4,4.4,2,0.32999999999999996,10.6,21,6,83,46,51,24,8,93,39.8,56,60,13,47,56,139,123,3,15,13.833333333333334,9.333333333333334,23.166666666666668,8.5,1.3333333333333333,Underperformed,0.5542168674698795
Young Boys,21/22,GR,NA,NA,NA,NA,NA,NA,NA,NA,NA,NA,NA,NA,NA,NA,NA,NA,NA,NA,NA,NA,NA,NA,NA,NA,NA,NA,NA,NA,NA,NA,NA,NA,NA,NA,NA,NA,NA,NA,NA,NA,NA,NA,NA,24,6,115,63,69,36,10,123,52,59,50,12,38,87,202,73,1,NA,NA,NA,NA,NA,NA,NA,0.5478260869565217
Wolfsburg,21/22,GR,NA,NA,NA,NA,NA,NA,NA,NA,NA,NA,NA,NA,NA,NA,NA,NA,NA,NA,NA,NA,NA,NA,NA,NA,NA,NA,NA,NA,NA,NA,NA,NA,NA,NA,NA,NA,NA,NA,NA,NA,NA,NA,NA,21,6,107,61,56,39,12,121,48.8,62,72,19,53,64,171,133,3,NA,NA,NA,NA,NA,NA,NA,0.5700934579439252
Porto,21/22,GR,1,6,6,540,6,11,1.83,28,18,60.7,1,2,3,2,33.3,0,0,0,0,2,10.3,9,1,1,1,0,13,0.31,4,0.39,69,247,27.9,366,44,57.9,40.5,191,5,2.6,8,0.77,5,22,6,108,67,53,39,16,124,37.9,77,72,16,56,53,161,106,4,31.833333333333332,18,8.833333333333334,26.833333333333332,8.833333333333334,2.6666666666666665,Overperformed,0.6203703703703703
Milan,21/22,GR,NA,NA,NA,NA,NA,NA,NA,NA,NA,NA,NA,NA,NA,NA,NA,NA,NA,NA,NA,NA,NA,NA,NA,NA,NA,NA,NA,NA,NA,NA,NA,NA,NA,NA,NA,NA,NA,NA,NA,NA,NA,NA,NA,23,6,123,65,66,50,7,120,47.5,63,78,29,49,58,181,126,6,NA,NA,NA,NA,NA,NA,NA,0.5284552845528455
Club Brugge,21/22,GR,1,6,6,540,6,20,3.3299999999999996,47,27,63.8,1,1,4,0,0,3,3,0,0,2,6,10,1,1,1,1,8.4,0.29000000000000004,-0.6,-0.1,55,120,45.8,223,28,44.8,45.8,60,3,5,13,2.17,10,21,6,110,61,59,37,14,105,44.8,58,74,23,51,90,200,81,0,10,18.333333333333332,15,33.333333333333336,9.833333333333334,2.3333333333333335,Underperformed,0.5545454545454546
Shakhtar,21/22,GR,3,6,6,540,6,12,2,35,24,65.7,0,2,4,1,16.7,0,0,0,0,2,6,12,1,1,2,1,11.3,0.28,0.3,0.05,26,100,26,181,29,34.8,26.4,124,2,1.6,2,0.32999999999999996,14,25,6,71,45,35,24,12,78,39.7,47,56,21,35,48,119,84,6,20.666666666666668,11.833333333333334,8,19.833333333333332,5.833333333333333,2,Overperformed,0.6338028169014085
Dynamo Kyiv,21/22,GR,2,6,6,540,6,11,1.83,28,17,64.3,0,1,5,1,16.7,1,1,0,0,3,6,13,2,0,2,0,16,0.38,3,0.51,26,58,44.8,147,26,27.2,28.1,81,2,2.5,1,0.17,8.5,23,6,105,54,63,34,8,133,33.8,88,66,21,45,73,178,113,4,13.5,17.5,12.166666666666666,29.666666666666668,10.5,1.3333333333333333,Overperformed,0.5142857142857142
Malmö,21/22,GR,NA,NA,NA,NA,NA,NA,NA,NA,NA,NA,NA,NA,NA,NA,NA,NA,NA,NA,NA,NA,NA,NA,NA,NA,NA,NA,NA,NA,NA,NA,NA,NA,NA,NA,NA,NA,NA,NA,NA,NA,NA,NA,NA,21,6,65,41,40,21,4,96,34.4,63,62,18,44,68,133,123,1,NA,NA,NA,NA,NA,NA,NA,0.6307692307692307
Beşiktaş,21/22,GR,NA,NA,NA,NA,NA,NA,NA,NA,NA,NA,NA,NA,NA,NA,NA,NA,NA,NA,NA,NA,NA,NA,NA,NA,NA,NA,NA,NA,NA,NA,NA,NA,NA,NA,NA,NA,NA,NA,NA,NA,NA,NA,NA,26,6,124,80,79,37,8,145,39.3,88,86,24,62,83,207,98,0,NA,NA,NA,NA,NA,NA,NA,0.6451612903225806
Chelsea,20/21,W,2,13,13,1170,13,4,0.31,36,32,88.9,9,3,1,9,69.2,0,0,0,0,2,13,4,0,0,2,0,7.3,0.2,3.3,0.25,48,115,41.7,315,53,24.4,25.1,158,7,4.4,5,0.38,8,24,13,199,127,94,80,25,212,45.8,115,154,42,112,146,345,262,2,12.153846153846153,15.307692307692308,11.23076923076923,26.53846153846154,7.230769230769231,1.9230769230769231,Overperformed,0.6381909547738693
Manchester City,20/21,F,2,13,13,1170,13,5,0.38,24,19,79.2,11,1,1,8,61.5,0,0,0,0,2,13,5,0,0,1,0,6.5,0.28,1.5,0.12000000000000001,31,71,43.7,307,58,18.9,21.8,85,4,4.7,19,1.46,NA,25,13,188,99,48,91,49,179,40.8,106,121,26,95,117,305,139,8,6.538461538461538,14.461538461538462,9,23.46153846153846,3.6923076923076925,3.769230769230769,Overperformed,0.526595744680851
Real Madrid,20/21,SF,1,12,12,1080,12,14,1.1700000000000002,39,26,64.1,6,3,3,4,33.3,0,0,0,0,1,12,14,0,1,0,1,15.3,0.4,2.3,0.19,27,109,24.8,370,68,22.2,30.3,116,11,9.5,21,1.75,18.2,25,12,198,104,97,70,31,218,44,122,119,23,96,151,349,138,2,9.666666666666666,16.5,12.583333333333334,29.083333333333332,8.083333333333334,2.5833333333333335,Overperformed,0.5252525252525253
Paris S-G,20/21,SF,1,12,12,1080,12,15,1.25,69,53,82.6,6,1,5,2,16.7,3,3,0,0,1,12,15,3,1,2,0,18.7,0.22,3.7,0.31,47,140,33.6,334,62,32.3,32.7,181,5,2.8,8,0.6699999999999999,12.5,23,12,202,112,102,82,18,222,36.5,141,144,47,97,140,342,249,4,15.083333333333334,16.833333333333332,11.666666666666666,28.5,8.5,1.5,Overperformed,0.5544554455445545
Bayern Munich,20/21,QF,2,10,10,900,10,10,1,48,38,79.2,8,1,1,3,30,0,0,0,0,2,10,10,0,0,1,0,15.2,0.32999999999999996,5.2,0.52,32,68,47.1,341,68,17.3,27.5,111,3,2.7,28,2.8,21.1,26,10,157,77,68,64,25,161,38.5,99,112,21,91,126,283,147,3,11.1,15.7,12.6,28.3,6.8,2.5,Overperformed,0.49044585987261147
Liverpool,20/21,QF,3,10,10,900,10,6,0.6,38,32,86.8,6,2,2,7,70,1,1,0,0,3,10,6,1,0,0,0,12.2,0.3,6.2,0.62,49,120,40.8,307,50,30,37.9,120,6,5,15,1.5,13,29,10,135,84,68,54,13,141,39,86,110,20,90,117,252,171,7,12,13.5,11.7,25.2,6.8,1.3,Overperformed,0.6222222222222222
Porto,20/21,QF,2,10,10,930,10.3,9,0.8700000000000001,39,30,79.5,6,1,3,6,60,2,1,0,1,2,10.3,9,1,1,1,0,13,0.31,4,0.39,69,247,27.9,366,44,57.9,40.5,191,5,2.6,8,0.77,5,26,10.3,165,96,98,53,14,183,41.5,107,116,36,80,91,256,250,2,18.54368932038835,16.019417475728154,8.834951456310678,24.854368932038835,9.514563106796116,1.3592233009708736,Overperformed,0.5818181818181818
Dortmund,20/21,QF,2,10,10,900,10,13,1.3,40,28,75,5,2,3,3,30,3,3,0,0,2,10,13,3,0,2,1,14.9,0.3,2.9,0.29000000000000004,27,96,28.1,250,39,30.4,32.5,150,7,4.7,3,0.3,9.3,26,10,155,89,77,57,21,152,38.8,93,116,34,82,106,261,180,2,15,15.5,10.6,26.1,7.7,2.1,Overperformed,0.5741935483870968
Juventus,20/21,R16,2,8,8,750,8.3,8,0.96,35,27,82.9,6,0,2,3,37.5,2,2,0,0,2,8.3,8,2,1,0,0,10.4,0.25,2.4,0.29000000000000004,10,21,47.6,146,31,9.6,22.2,67,3,4.5,10,1.2,17.2,22,8.3,135,86,62,57,16,148,41.2,87,70,18,52,122,257,102,4,8.072289156626505,16.265060240963855,14.69879518072289,30.963855421686745,7.469879518072289,1.9277108433734937,Overperformed,0.6370370370370371
Barcelona,20/21,R16,2,8,8,720,8,10,1.25,29,19,79.3,5,1,2,3,37.5,4,4,0,0,2,8,10,4,0,0,0,12.8,0.32,2.8,0.35,15,32,46.9,168,29,12.5,23.3,67,0,0,9,1.1300000000000001,20.7,27,8,109,60,38,46,25,131,36.6,83,72,16,56,88,197,64,3,8.375,13.625,11,24.625,4.75,3.125,Overperformed,0.5504587155963303
Sevilla,20/21,R16,3,8,8,720,8,13,1.62,34,21,73.5,4,2,2,2,25,4,4,0,0,3,8,13,4,1,0,0,12.1,0.24000000000000002,-0.9,-0.11,28,64,43.8,183,26,24,25.5,80,3,3.8,9,1.1300000000000001,14,25,8,106,61,38,47,21,123,37.4,77,78,23,55,79,185,94,2,10,13.25,9.875,23.125,4.75,2.625,Underperformed,0.5754716981132075
RB Leipzig,20/21,R16,1,8,8,720,8,16,2,37,21,64.9,4,0,4,1,12.5,4,3,1,0,1,8,16,3,1,1,1,16.7,0.35,1.7,0.22,26,75,34.7,261,43,25.7,30.4,81,5,6.2,14,1.75,18.6,20,8,165,99,71,78,16,173,44.5,96,91,15,76,108,273,112,7,10.125,20.625,13.5,34.125,8.875,2,Overperformed,0.6
Atalanta,20/21,R16,2,8,8,720,8,12,1.5,38,26,73.7,3,2,3,3,37.5,2,2,0,0,2,8,12,2,0,1,0,10.9,0.24000000000000002,-1.1,-0.14,51,95,53.7,150,31,39.3,28.3,81,5,6.2,8,1,16.8,25,8,139,76,64,56,19,151,35.8,97,98,29,69,140,279,144,3,10.125,17.375,17.5,34.875,8,2.375,Underperformed,0.5467625899280576
Lazio,20/21,R16,2,8,8,720,8,13,1.62,35,23,68.6,2,4,2,0,0,2,2,0,0,2,8,13,2,0,0,1,9.9,0.23,-2.1,-0.26,28,64,43.8,256,48,22.3,35,104,2,1.9,4,0.5,NA,25,8,132,66,73,49,10,159,40.3,95,81,20,61,109,241,161,6,13,16.5,13.625,30.125,9.125,1.25,Underperformed,0.5
Atlético Madrid,20/21,R16,1,8,8,720,8,11,1.37,24,14,62.5,2,3,3,2,25,2,2,0,0,1,8,11,2,0,0,1,9.7,0.32,-0.3,-0.04,41,119,34.5,147,30,55.8,38.8,93,3,3.2,4,0.5,14.3,20,8,123,73,53,51,19,149,47,79,88,26,62,94,217,168,1,11.625,15.375,11.75,27.125,6.625,2.375,Underperformed,0.5934959349593496
M'Gladbach,20/21,R16,1,8,8,720,8,13,1.62,35,22,62.9,2,2,4,2,25,0,0,0,0,1,8,13,0,0,1,0,14.1,0.42000000000000004,1.1,0.14,33,86,38.4,292,29,27.1,29.2,107,6,5.6,4,0.5,12.6,21,8,142,73,81,47,14,164,42.1,95,119,34,85,90,232,144,2,13.375,17.75,11.25,29,10.125,1.75,Overperformed,0.5140845070422535
Manchester Utd,20/21,GR,2,6,6,540,6,10,1.6700000000000002,24,15,58.3,3,0,3,1,16.7,0,0,0,0,2,6,10,0,1,1,1,7.8,0.33999999999999997,-1.2,-0.19,24,51,47.1,95,21,35.8,32.4,70,2,2.9,4,0.6699999999999999,14.5,23,6,91,49,31,47,13,95,48.4,49,66,12,54,60,151,94,1,11.666666666666666,15.166666666666666,10,25.166666666666668,5.166666666666667,2.1666666666666665,Underperformed,0.5384615384615384
Club Brugge,20/21,GR,2,6,6,540,6,10,1.6700000000000002,28,19,67.9,2,2,2,1,16.7,1,1,0,0,2,6,10,1,1,1,1,8.4,0.29000000000000004,-0.6,-0.1,55,120,45.8,223,28,44.8,45.8,60,3,5,13,2.17,10,22,6,81,51,38,33,10,75,46.7,40,58,19,39,76,157,85,2,10,13.5,12.666666666666666,26.166666666666668,6.333333333333333,1.6666666666666667,Underperformed,0.6296296296296297
Shakhtar,20/21,GR,2,6,6,540,6,12,2,37,26,70.3,2,2,2,3,50,1,1,0,0,2,6,12,1,1,2,1,11.3,0.28,0.3,0.05,26,100,26,181,29,34.8,26.4,124,2,1.6,2,0.32999999999999996,14,23,6,63,39,41,15,7,105,38.1,65,72,17,55,81,144,148,3,20.666666666666668,10.5,13.5,24,6.833333333333333,1.1666666666666667,Overperformed,0.6190476190476191
Ajax,20/21,GR,1,6,6,540,6,7,1.1700000000000002,28,22,78.6,2,1,3,0,0,1,1,0,0,1,6,7,1,0,0,1,8.4,0.27,2.4,0.41000000000000003,22,77,28.6,283,34,25.4,29.3,64,2,3.1,5,0.8300000000000001,15.9,21,6,107,57,47,40,20,96,41.7,56,75,17,58,75,182,110,7,10.666666666666666,17.833333333333332,12.5,30.333333333333332,7.833333333333333,3.3333333333333335,Overperformed,0.5327102803738317
Inter,20/21,GR,1,6,6,540,6,9,1.5,23,15,69.6,1,3,2,2,33.3,2,2,0,0,1,6,9,2,0,1,1,6.8,0.21000000000000002,-1.2,-0.2,14,29,48.3,151,21,18.5,26.8,48,1,2.1,10,1.6700000000000002,20.5,21,6,82,48,26,41,15,93,26.9,68,56,12,44,78,160,60,2,8,13.666666666666666,13,26.666666666666668,4.333333333333333,2.5,Underperformed,0.5853658536585366
Krasnodar,20/21,GR,2,6,6,540,6,11,1.83,43,32,81.4,1,2,3,1,16.7,4,3,0,1,2,6,11,3,0,1,0,10.3,0.17,-0.7,-0.12000000000000001,46,116,39.7,147,31,55.8,41.6,107,4,3.7,2,0.32999999999999996,13.5,23,6,72,36,32,28,12,97,33,65,74,27,47,82,154,132,3,17.833333333333332,12,13.666666666666666,25.666666666666668,5.333333333333333,2,Underperformed,0.5
RB Salzburg,20/21,GR,1,6,6,540,6,17,2.8299999999999996,32,16,53.1,1,1,4,0,0,2,2,0,0,1,6,17,2,0,3,1,12.4,0.32999999999999996,-3.6,-0.6,11,36,30.6,94,19,34,32.1,67,3,4.5,3,0.5,13.4,19,6,117,62,52,53,12,134,37.3,84,86,17,69,97,214,121,1,11.166666666666666,19.5,16.166666666666668,35.666666666666664,8.666666666666666,2,Underperformed,0.5299145299145299
Dynamo Kyiv,20/21,GR,3,6,6,540,6,13,2.17,40,27,72.5,1,1,4,1,16.7,2,2,0,0,3,6,13,2,0,2,0,16,0.38,3,0.51,26,58,44.8,147,26,27.2,28.1,81,2,2.5,1,0.17,8.5,22,6,87,48,44,35,8,112,33,75,73,16,57,102,189,139,3,13.5,14.5,17,31.5,7.333333333333333,1.3333333333333333,Overperformed,0.5517241379310345
Loko Moscow,20/21,GR,1,6,6,540,6,10,1.6700000000000002,35,25,71.4,0,3,3,1,16.7,0,0,0,0,1,6,10,0,0,3,0,9.4,0.27,-0.6,-0.11,50,107,46.7,177,29,41.8,35.2,143,10,7,5,0.8300000000000001,12.6,22,6,89,47,65,15,9,124,40.3,74,73,30,43,100,189,202,2,23.833333333333332,14.833333333333334,16.666666666666668,31.5,10.833333333333334,1.5,Underperformed,0.5280898876404494
Olympiacos,20/21,GR,1,6,6,540,6,10,1.6700000000000002,34,24,79.4,1,0,5,1,16.7,3,3,0,0,1,6,10,3,0,0,0,11.1,0.24000000000000002,1.1,0.18,28,80,35,161,39,32.9,32.2,68,6,8.8,0,0,9.4,21,6,88,40,36,46,6,91,35.2,59,45,15,30,83,171,103,3,11.333333333333334,14.666666666666666,13.833333333333334,28.5,6,1,Overperformed,0.45454545454545453
Başakşehir,20/21,GR,1,6,6,540,6,18,3,36,18,55.6,1,0,5,0,0,2,2,0,0,1,6,18,2,0,2,0,12.1,0.28,-5.9,-0.98,37,92,40.2,141,29,48.9,39.4,71,3,4.2,12,2,15.5,21,6,72,34,36,29,7,114,35.1,74,91,32,59,78,150,103,2,11.833333333333334,12,13,25,6,1.1666666666666667,Underperformed,0.4722222222222222
Marseille,20/21,GR,1,6,6,540,6,13,2.17,25,13,56,1,0,5,0,0,2,2,0,0,1,6,13,2,0,2,1,10.4,0.36,-1.6,-0.27,26,95,27.4,209,18,36.8,31.7,50,1,2,5,0.8300000000000001,16.2,20,6,86,60,48,29,9,90,41.1,53,52,10,42,89,175,65,3,8.333333333333334,14.333333333333334,14.833333333333334,29.166666666666668,8,1.5,Underperformed,0.6976744186046512
Midtjylland,20/21,GR,2,6,6,540,6,13,2.17,36,23,66.7,0,2,4,0,0,1,1,0,0,2,6,13,1,0,0,0,12.2,0.32999999999999996,-0.8,-0.13,54,149,36.2,245,23,45.3,38.9,68,1,1.5,4,0.6699999999999999,11.2,22,6,94,61,48,35,11,91,36.3,58,69,12,57,110,204,102,3,11.333333333333334,15.666666666666666,18.333333333333332,34,8,1.8333333333333333,Underperformed,0.648936170212766
Rennes,20/21,GR,2,6,6,540,6,11,1.83,29,18,69,0,1,5,0,0,2,2,0,0,2,6,11,2,0,0,0,11.3,0.32,0.3,0.04,30,83,36.1,154,26,35.7,35,80,1,1.3,8,1.33,18.3,26,6,74,46,35,28,11,89,36,57,49,13,36,65,139,91,1,13.333333333333334,12.333333333333334,10.833333333333334,23.166666666666668,5.833333333333333,1.8333333333333333,Overperformed,0.6216216216216216
Zenit,20/21,GR,1,6,6,540,6,13,2.17,28,15,64.3,0,1,5,0,0,3,3,0,0,1,6,13,3,0,1,0,12.7,0.35,-0.3,-0.05,25,60,41.7,151,43,29.8,32.6,90,4,4.4,2,0.32999999999999996,10.6,21,6,95,57,56,28,11,128,35.2,83,67,18,49,93,188,101,1,15,15.833333333333334,15.5,31.333333333333332,9.333333333333334,1.8333333333333333,Underperformed,0.6
Ferencváros,20/21,GR,1,6,6,540,6,17,2.8299999999999996,36,20,61.1,0,1,5,0,0,3,3,0,0,1,6,17,3,0,0,1,14.2,0.31,-1.8,-0.3,39,76,51.3,202,33,29.7,31,48,0,0,4,0.6699999999999999,15.1,20,6,83,47,50,21,12,90,37.8,56,61,19,42,96,179,73,5,8,13.833333333333334,16,29.833333333333332,8.333333333333334,2,Underperformed,0.5662650602409639
Bayern Munich,19/20,W,1,11,11,990,11,8,0.73,34,27,79.4,11,0,0,6,54.5,1,1,0,0,1,11,8,1,0,0,1,9,0.25,2,0.19,37,77,48.1,428,58,17.3,27.5,90,2,2.2,31,2.82,23.6,20,11,189,122,60,93,36,226,40.7,134,94,14,80,109,298,110,6,8.181818181818182,17.181818181818183,9.909090909090908,27.09090909090909,5.454545454545454,3.272727272727273,Overperformed,0.6455026455026455
Paris S-G,19/20,F,2,11,11,990,11,6,0.55,29,22,79.3,8,1,2,7,63.6,1,0,1,0,2,11,6,0,0,0,0,9.7,0.3,3.7,0.33999999999999997,32,105,30.5,246,50,29.7,23.7,133,4,3,3,0.27,8,24,11,194,111,100,72,22,196,41.8,114,122,36,86,121,315,188,1,12.090909090909092,17.636363636363637,11,28.636363636363637,9.090909090909092,2,Overperformed,0.5721649484536082
RB Leipzig,19/20,SF,2,10,10,900,10,12,1.2,46,34,76.1,6,2,2,3,30,1,1,0,0,2,10,12,1,0,0,0,15.3,0.31,3.3,0.32999999999999996,43,105,41,306,51,28.4,23,130,7,5.4,15,1.5,5,25,10,197,115,99,80,18,215,40,129,98,19,79,99,296,186,4,13,19.7,9.9,29.6,9.9,1.8,Overperformed,0.583756345177665
Lyon,19/20,SF,1,10,10,900,10,14,1.4,38,24,71.1,4,2,4,2,20,3,3,0,0,1,10,14,3,0,1,0,12.4,0.27,-1.6,-0.16,47,133,35.3,240,56,37.9,34.4,173,11,6.4,4,0.4,12.1,24,10,139,82,66,55,18,139,40.3,83,123,38,85,110,249,237,3,17.3,13.9,11,24.9,6.6,1.8,Underperformed,0.5899280575539568
Manchester City,19/20,QF,3,9,9,803,9,9,1.01,27,18,70.4,6,2,1,2,22.2,1,1,0,0,3,9,9,1,0,0,0,8.9,0.3,-0.1,-0.01,39,89,43.8,268,37,27.6,25.8,60,4,6.7,23,2.58,17.3,23,9,144,83,59,60,25,181,44.8,100,59,16,43,110,254,91,5,6.666666666666667,16,12.222222222222221,28.22222222222222,6.555555555555555,2.7777777777777777,Underperformed,0.5763888888888888
Barcelona,19/20,QF,2,9,9,810,9,14,1.56,48,33,72.9,5,3,1,2,22.2,2,1,1,0,2,9,14,1,0,0,0,17.3,0.35,3.3,0.37,26,67,38.8,262,53,20.6,31.2,103,3,2.9,4,0.44,10.5,24,9,118,75,49,51,18,147,38.8,90,93,34,59,108,226,140,7,11.444444444444445,13.11111111111111,12,25.11111111111111,5.444444444444445,2,Overperformed,0.635593220338983
Atlético Madrid,19/20,QF,1,9,9,840,9.3,9,0.96,30,22,70,5,1,3,4,44.4,0,0,0,0,1,9.3,9,0,1,0,1,8.5,0.29000000000000004,0.5,0.05,66,159,41.5,155,30,58.7,40.4,164,3,1.8,3,0.32,11.3,21,9.3,150,82,85,41,24,167,37.7,104,80,27,53,101,251,234,4,17.634408602150536,16.129032258064516,10.86021505376344,26.989247311827956,9.139784946236558,2.5806451612903225,Overperformed,0.5466666666666666
Atalanta,19/20,QF,2,9,9,810,9,18,2,46,28,63,4,1,4,2,22.2,2,1,0,1,2,9,18,1,0,0,0,20.5,0.43000000000000005,2.5,0.27,40,106,37.7,167,28,35.9,34.8,98,3,3.1,9,1,15.3,23,9,161,87,78,75,8,213,42.7,122,86,23,63,106,267,166,3,10.88888888888889,17.88888888888889,11.777777777777779,29.666666666666668,8.666666666666666,0.8888888888888888,Overperformed,0.5403726708074534
Juventus,19/20,R16,2,8,8,720,8,6,0.75,23,17,78.3,6,1,1,3,37.5,1,1,0,0,2,8,6,1,0,1,0,7.7,0.3,1.7,0.21000000000000002,19,34,55.9,172,48,11.6,25.8,105,4,3.8,7,0.88,15.2,23,8,110,67,52,42,16,110,35.5,71,68,24,44,86,196,146,3,13.125,13.75,10.75,24.5,6.5,2,Overperformed,0.6090909090909091
Napoli,19/20,R16,2,8,8,720,8,8,1,25,17,80,3,4,1,3,37.5,3,3,0,0,2,8,8,3,0,3,0,8.7,0.23,0.7,0.09,38,74,51.4,167,21,22.2,28.4,122,6,4.9,4,0.5,10.7,24,8,134,90,78,38,18,175,41.7,102,98,27,71,96,230,165,5,15.25,16.75,12,28.75,9.75,2.25,Overperformed,0.6716417910447762
Liverpool,19/20,R16,2,8,8,750,8.3,12,1.44,33,21,66.7,4,1,3,1,12.5,1,1,0,0,2,8.3,12,1,0,2,0,12.4,0.35,0.4,0.05,31,58,53.4,229,43,21.8,25.9,66,4,6.1,19,2.2800000000000002,20.6,20,8.3,146,94,60,66,20,122,50,61,64,6,58,76,222,82,3,7.951807228915662,17.59036144578313,9.156626506024095,26.746987951807228,7.228915662650602,2.4096385542168672,Overperformed,0.6438356164383562
Dortmund,19/20,R16,1,8,8,720,8,11,1.37,37,25,70.3,4,1,3,2,25,1,0,1,0,1,8,11,0,0,1,0,14.7,0.37,3.7,0.46,15,79,19,197,41,31.5,34,77,4,5.2,9,1.1300000000000001,16,24,8,135,77,76,43,16,153,40.5,91,73,19,54,98,233,125,3,9.625,16.875,12.25,29.125,9.5,2,Overperformed,0.5703703703703704
Real Madrid,19/20,R16,2,8,8,720,8,12,1.5,34,22,67.6,3,2,3,2,25,1,1,0,0,2,8,12,1,0,0,0,13.5,0.37,1.5,0.18,21,61,34.4,233,46,20.6,26.8,81,5,6.2,11,1.3800000000000001,14,25,8,123,78,59,46,18,131,35.1,85,72,27,45,92,215,110,7,10.125,15.375,11.5,26.875,7.375,2.25,Overperformed,0.6341463414634146
Valencia,19/20,R16,2,8,8,720,8,15,1.87,39,24,66.7,3,2,3,2,25,3,2,0,1,2,8,15,2,0,1,0,15.8,0.36,0.8,0.1,56,157,35.7,194,33,50,36.4,151,2,1.3,5,0.63,16.2,23,8,123,74,56,60,7,148,37.8,92,92,32,60,92,215,185,2,18.875,15.375,11.5,26.875,7,0.875,Overperformed,0.6016260162601627
Chelsea,19/20,R16,2,8,8,720,8,16,2,33,18,54.5,3,2,3,1,12.5,2,1,1,0,2,8,16,1,0,1,2,13.6,0.35,-0.4,-0.05,43,87,49.4,187,38,28.3,31.5,93,5,5.4,11,1.3800000000000001,17.2,22,8,119,62,56,49,14,125,40,75,74,13,61,75,194,143,6,11.625,14.875,9.375,24.25,7,1.75,Underperformed,0.5210084033613446
Tottenham,19/20,R16,2,8,8,720,8,18,2.25,47,29,66,3,1,4,2,25,2,2,0,0,2,8,18,2,0,1,0,16.4,0.31,-1.6,-0.2,34,88,38.6,151,31,35.8,33.4,103,2,1.9,3,0.38,8.4,28,8,122,74,53,55,14,147,40.1,88,82,30,52,68,190,152,3,12.875,15.25,8.5,23.75,6.625,1.75,Underperformed,0.6065573770491803
Ajax,19/20,GR,1,6,6,540,6,6,1,30,24,86.7,3,1,2,3,50,3,2,0,1,1,6,6,2,0,1,0,11,0.31,5,0.8400000000000001,26,102,25.5,176,28,43.2,35.6,62,4,6.5,7,1.1700000000000002,13.9,19,6,146,74,53,63,30,143,42,83,48,18,30,85,231,92,4,10.333333333333334,24.333333333333332,14.166666666666666,38.5,8.833333333333334,5,Overperformed,0.5068493150684932
RB Salzburg,19/20,GR,2,6,6,540,6,13,2.17,29,16,55.2,2,1,3,0,0,0,0,0,0,2,6,13,0,0,0,0,9,0.32999999999999996,-4,-0.6699999999999999,19,68,27.9,95,21,34.7,30.7,86,5,5.8,5,0.8300000000000001,18.8,21,6,127,75,67,46,14,170,38.8,104,70,23,47,63,190,134,4,14.333333333333334,21.166666666666668,10.5,31.666666666666668,11.166666666666666,2.3333333333333335,Underperformed,0.5905511811023622
Inter,19/20,GR,1,6,6,540,6,9,1.5,30,21,73.3,2,1,3,1,16.7,1,1,0,0,1,6,9,1,0,0,0,9.8,0.31,0.8,0.14,24,48,50,178,36,16.9,26.7,59,2,3.4,3,0.5,11.2,20,6,114,54,60,46,8,113,38.9,69,76,20,56,89,203,105,2,9.833333333333334,19,14.833333333333334,33.833333333333336,10,1.3333333333333333,Overperformed,0.47368421052631576
Benfica,19/20,GR,1,6,6,540,6,11,1.83,28,18,64.3,2,1,3,1,16.7,1,1,0,0,1,6,11,1,0,1,1,9.6,0.31,-0.4,-0.07,16,47,34,130,35,22.3,28.6,93,2,2.2,10,1.6700000000000002,14.7,23,6,119,70,60,46,13,149,40.3,89,64,23,41,60,179,138,1,15.5,19.833333333333332,10,29.833333333333332,10,2.1666666666666665,Underperformed,0.5882352941176471
Zenit,19/20,GR,2,6,6,540,6,9,1.5,38,30,81.6,2,1,3,1,16.7,2,2,0,0,2,6,9,2,0,0,1,9.7,0.2,1.7,0.28,55,105,52.4,157,35,50.3,38.8,140,4,2.9,2,0.32999999999999996,13.7,19,6,106,68,63,34,9,124,32.3,84,68,26,42,95,201,156,0,23.333333333333332,17.666666666666668,15.833333333333334,33.5,10.5,1.5,Overperformed,0.6415094339622641
Leverkusen,19/20,GR,1,6,6,540,6,9,1.5,28,19,67.9,2,0,4,1,16.7,0,0,0,0,1,6,9,0,0,0,0,8.4,0.3,-0.6,-0.09,39,103,37.9,233,26,38.2,35.6,49,3,6.1,9,1.5,17.9,20,6,105,67,55,44,6,108,38.9,66,55,8,47,62,167,87,8,8.166666666666666,17.5,10.333333333333334,27.833333333333332,9.166666666666666,1,Underperformed,0.638095238095238
Shakhtar,19/20,GR,1,6,6,540,6,13,2.17,33,19,63.6,1,3,2,0,0,2,1,1,0,1,6,13,1,0,0,0,14.1,0.39,1.1,0.18,27,70,38.6,194,52,27.3,32.5,78,4,5.1,3,0.5,12.5,18,6,91,52,55,29,7,114,34.2,75,54,17,37,64,155,120,6,13,15.166666666666666,10.666666666666666,25.833333333333332,9.166666666666666,1.1666666666666667,Overperformed,0.5714285714285714
Dinamo Zagreb,19/20,GR,1,6,6,540,6,13,2.17,35,22,68.6,1,2,3,1,16.7,2,2,0,0,1,6,13,2,0,1,0,16.6,0.42000000000000004,3.6,0.6,48,140,34.3,120,20,68.3,45.5,84,2,2.4,3,0.5,9.5,21,6,107,60,56,43,8,98,35.7,63,63,18,45,69,176,136,3,14,17.833333333333332,11.5,29.333333333333332,9.333333333333334,1.3333333333333333,Overperformed,0.5607476635514018
Olympiacos,19/20,GR,1,6,6,540,6,14,2.3299999999999996,35,21,62.9,1,1,4,1,16.7,2,1,0,1,1,6,14,1,0,3,0,12.3,0.32999999999999996,-1.7,-0.28,25,110,22.7,165,38,46.7,38.5,97,7,7.2,1,0.17,9.8,17,6,99,61,57,35,7,110,50.9,54,50,24,26,57,156,127,5,16.166666666666668,16.5,9.5,26,9.5,1.1666666666666667,Underperformed,0.6161616161616161
Loko Moscow,19/20,GR,2,6,6,540,6,11,1.83,42,32,76.2,1,0,5,0,0,2,1,1,0,2,6,11,1,0,1,2,10.9,0.22,1.9,0.31,50,120,41.7,119,30,52.1,39.9,125,6,4.8,3,0.5,13.4,20,6,91,49,47,32,12,116,33.6,77,79,33,46,98,189,170,3,20.833333333333332,15.166666666666666,16.333333333333332,31.5,7.833333333333333,2,Overperformed,0.5384615384615384
Club Brugge,19/20,GR,1,6,6,540,6,12,2,26,14,53.8,0,3,3,1,16.7,0,0,0,0,1,6,12,0,0,1,0,10.7,0.42000000000000004,-1.3,-0.21000000000000002,45,99,45.5,137,19,46,36.5,82,3,3.7,7,1.1700000000000002,15.2,22,6,115,74,56,39,20,114,45.6,62,61,15,46,65,180,90,3,13.666666666666666,19.166666666666668,10.833333333333334,30,9.333333333333334,3.3333333333333335,Underperformed,0.6434782608695652
Red Star,19/20,GR,1,6,6,540,6,20,3.3299999999999996,53,33,66,1,0,5,0,0,2,2,0,0,1,6,20,2,0,3,0,18.9,0.32999999999999996,-1.1,-0.18,41,122,33.6,132,23,56.1,40,118,3,2.5,4,0.6699999999999999,10.8,19,6,119,70,65,44,10,166,38,103,68,25,43,74,193,140,7,19.666666666666668,19.833333333333332,12.333333333333334,32.166666666666664,10.833333333333334,1.6666666666666667,Underperformed,0.5882352941176471
Slavia Prague,19/20,GR,1,6,6,540,6,10,1.6700000000000002,35,26,71.4,0,2,4,1,16.7,0,0,0,0,1,6,10,0,0,0,1,10.7,0.31,1.7,0.28,52,108,48.1,218,35,39.4,35.7,29,1,3.4,17,2.8299999999999996,21,20,6,83,46,35,30,18,119,31.1,82,73,14,59,77,160,73,2,4.833333333333333,13.833333333333334,12.833333333333334,26.666666666666668,5.833333333333333,3,Overperformed,0.5542168674698795
Galatasaray,19/20,GR,1,6,6,540,6,14,2.3299999999999996,47,33,74.5,0,2,4,1,16.7,2,2,0,0,1,6,14,2,0,0,0,18,0.33999999999999997,4,0.6699999999999999,63,165,38.2,210,35,56.7,40.5,76,5,6.6,3,0.5,15.1,20,6,91,56,55,32,4,90,40,54,64,17,47,69,160,106,3,12.666666666666666,15.166666666666666,11.5,26.666666666666668,9.166666666666666,0.6666666666666666,Overperformed,0.6153846153846154
Lille,19/20,GR,2,6,6,540,6,14,2.3299999999999996,32,19,59.4,0,1,5,0,0,1,1,0,0,2,6,14,1,0,2,1,12.2,0.36,-0.8,-0.13,24,97,24.7,141,28,47.5,39.8,88,4,4.5,9,1.5,15.6,21,6,106,67,54,39,13,127,30.7,88,69,19,50,84,190,120,4,14.666666666666666,17.666666666666668,14,31.666666666666668,9,2.1666666666666665,Underperformed,0.6320754716981132
Genk,19/20,GR,2,6,6,540,6,20,3.3299999999999996,41,21,56.1,0,1,5,1,16.7,2,2,0,0,2,6,20,2,0,0,0,17.6,0.38,-2.4,-0.4,53,128,41.4,198,23,46,36.9,95,2,2.1,9,1.5,6.5,20,6,101,60,48,41,12,97,44.3,54,75,35,40,67,168,144,4,15.833333333333334,16.833333333333332,11.166666666666666,28,8,2,Underperformed,0.594059405940594
Liverpool,18/19,W,1,13,13,1170,13,12,0.92,56,45,78.6,8,1,4,6,46.2,0,0,0,0,1,13,12,0,1,2,1,15.1,0.29000000000000004,4.1,0.32,48,125,38.4,361,76,23.3,29.7,127,3,2.4,9,0.69,17.4,20,13,226,133,92,96,38,207,48.8,106,112,20,92,114,340,226,8,9.76923076923077,17.384615384615383,8.76923076923077,26.153846153846153,7.076923076923077,2.923076923076923,Overperformed,0.588495575221239
Tottenham,18/19,F,3,13,13,1167,13,19,1.47,55,35,67.3,6,2,5,4,30.8,2,1,1,0,3,13,19,1,0,4,0,17,0.28,-2,-0.16,70,161,43.5,368,64,29.6,32.3,133,6,4.5,11,0.8500000000000001,13.2,24,13,195,110,85,87,23,179,42.5,103,145,43,102,144,339,239,7,10.23076923076923,15,11.076923076923077,26.076923076923077,6.538461538461538,1.7692307692307692,Underperformed,0.5641025641025641
Barcelona,18/19,SF,2,12,12,1080,12,10,0.8300000000000001,42,32,76.2,8,3,1,6,50,0,0,0,0,2,12,10,0,0,2,0,12.4,0.31,2.4,0.2,57,109,52.3,337,71,21.7,30.6,145,7,4.8,8,0.6699999999999999,11.3,23,12,200,128,82,94,24,166,45.8,90,129,39,90,121,321,198,12,12.083333333333334,16.666666666666668,10.083333333333334,26.75,6.833333333333333,2,Overperformed,0.64
Ajax,18/19,SF,1,12,12,1080,12,13,1.08,53,40,77.4,6,4,2,4,33.3,1,1,0,0,1,12,13,1,0,2,0,18.1,0.32999999999999996,5.1,0.42000000000000004,40,177,22.6,303,49,41.9,35,142,6,4.2,7,0.58,12.6,22,12,267,156,106,123,38,247,44.1,138,152,32,120,173,440,229,7,11.833333333333334,22.25,14.416666666666666,36.666666666666664,8.833333333333334,3.1666666666666665,Overperformed,0.5842696629213483
Manchester City,18/19,QF,1,10,10,900,10,12,1.2,33,21,72.7,7,1,2,3,30,3,3,0,0,1,10,12,3,0,1,0,10.1,0.24000000000000002,-1.9,-0.19,26,52,50,237,37,14.3,25.9,69,6,8.7,18,1.8,18.4,21,10,132,79,42,67,23,135,31.9,92,93,25,68,116,248,169,8,6.9,13.2,11.6,24.8,4.2,2.3,Underperformed,0.5984848484848485
Porto,18/19,QF,1,10,10,930,10.3,15,1.45,37,21,67.6,6,1,3,1,10,5,3,1,1,1,10.3,15,3,0,2,0,13.8,0.26,-1.2,-0.12000000000000001,64,160,40,295,29,38.3,35.3,136,3,2.2,11,1.06,15.7,25,10.3,180,122,99,58,23,145,44.1,81,118,32,86,119,299,225,3,13.20388349514563,17.475728155339805,11.553398058252426,29.02912621359223,9.611650485436893,2.233009708737864,Underperformed,0.6777777777777778
Juventus,18/19,QF,1,10,10,900,10,9,0.9,31,22,74.2,5,1,4,5,50,2,1,1,0,1,10,9,1,1,2,1,9.6,0.25,1.6,0.16,74,134,55.2,213,36,41.3,35.9,113,3,2.7,9,0.9,15.5,22,10,141,88,69,54,18,133,39.8,80,100,31,69,116,257,175,4,11.3,14.1,11.6,25.7,6.9,1.8,Overperformed,0.624113475177305
Manchester Utd,18/19,QF,2,10,10,900,10,11,1.1,34,25,67.6,4,1,5,3,30,0,0,0,0,2,10,11,0,0,1,2,10.6,0.32,1.6,0.16,61,134,45.5,160,36,46.3,38.3,124,4,3.2,2,0.2,10.1,26,10,145,85,71,60,14,139,41.7,81,122,33,89,90,235,219,2,12.4,14.5,9,23.5,7.1,1.4,Overperformed,0.5862068965517241
Atlético Madrid,18/19,R16,1,8,8,720,8,9,1.1300000000000001,19,10,57.9,5,1,2,4,50,2,1,0,1,1,8,9,1,0,0,0,7.8,0.36,-1.2,-0.15000000000000002,37,107,34.6,102,9,50,38,110,0,0,0,0,11.8,21,8,121,78,60,46,15,120,43.3,68,72,18,54,110,231,168,3,13.75,15.125,13.75,28.875,7.5,1.875,Underperformed,0.6446280991735537
Bayern Munich,18/19,R16,1,8,8,720,8,8,1,30,22,76.7,4,3,1,4,50,1,1,0,0,1,8,8,1,0,1,0,8.4,0.25,0.4,0.06,43,102,42.2,293,47,28.3,30.1,80,1,1.3,9,1.1300000000000001,17.9,20,8,151,94,69,66,16,137,35.8,88,96,20,76,132,283,131,4,10,18.875,16.5,35.375,8.625,2,Overperformed,0.6225165562913907
Real Madrid,18/19,R16,2,8,8,720,8,10,1.25,37,27,73,5,0,3,3,37.5,0,0,0,0,2,8,10,0,1,0,0,11.3,0.31,1.3,0.16,47,102,46.1,187,46,36.4,38.2,79,3,3.8,10,1.25,16.2,24,8,128,95,67,47,14,134,46.3,72,80,22,58,106,234,106,7,9.875,16,13.25,29.25,8.375,1.75,Overperformed,0.7421875
Paris S-G,18/19,R16,2,8,8,720,8,12,1.5,28,16,71.4,4,2,2,1,12.5,4,4,0,0,2,8,12,4,0,0,0,10.6,0.25,-1.4,-0.18,22,60,36.7,159,27,20.8,29.1,87,2,2.3,1,0.13,10.2,20,8,116,73,55,52,9,90,33.3,60,67,20,47,79,195,155,3,10.875,14.5,9.875,24.375,6.875,1.125,Underperformed,0.6293103448275862
Dortmund,18/19,R16,2,8,8,720,8,6,0.75,22,16,72.7,4,1,3,5,62.5,0,0,0,0,2,8,6,0,0,1,0,7.2,0.32999999999999996,1.2,0.15000000000000002,27,78,34.6,219,41,26.5,33.1,99,1,1,6,0.75,14.6,24,8,152,98,57,77,18,117,45.3,64,88,22,66,101,253,129,3,12.375,19,12.625,31.625,7.125,2.25,Overperformed,0.6447368421052632
Roma,18/19,R16,2,8,8,750,8.3,12,1.44,44,32,75,4,0,4,2,25,1,1,0,0,2,8.3,12,1,1,1,0,15,0.32999999999999996,3,0.36,39,111,35.1,208,52,31.3,25.1,111,5,4.5,6,0.72,19,24,8.3,122,77,58,50,14,115,35.7,74,92,29,63,81,203,168,4,13.373493975903614,14.69879518072289,9.759036144578312,24.457831325301203,6.987951807228915,1.686746987951807,Overperformed,0.6311475409836066
Schalke 04,18/19,R16,2,8,8,720,8,14,1.75,32,17,62.5,3,2,3,4,50,3,2,1,0,2,8,14,2,1,1,0,12.5,0.3,-1.5,-0.19,33,98,33.7,156,31,42.3,37.4,59,2,3.4,3,0.38,13,27,8,170,107,87,72,11,167,40.7,99,100,27,73,108,278,155,4,7.375,21.25,13.5,34.75,10.875,1.375,Underperformed,0.6294117647058823
Lyon,18/19,R16,2,8,8,720,8,16,2,52,36,71.2,1,6,1,1,12.5,1,1,0,0,2,8,16,1,0,1,0,17.7,0.32,1.7,0.21000000000000002,40,119,33.6,177,28,40.7,36.9,101,1,1,9,1.1300000000000001,15.4,21,8,141,79,72,61,8,112,44.6,62,99,34,65,100,241,197,2,12.625,17.625,12.5,30.125,9,1,Overperformed,0.5602836879432624
Napoli,18/19,GR,1,6,6,540,6,5,0.8300000000000001,20,15,75,2,3,1,2,33.3,0,0,0,0,1,6,5,0,0,0,1,6.6,0.32999999999999996,2.6,0.44,30,75,40,173,28,30.1,32.1,67,4,6,10,1.6700000000000002,16,18,6,106,68,48,52,6,109,35.8,70,46,16,30,57,163,134,3,11.166666666666666,17.666666666666668,9.5,27.166666666666668,8,1,Overperformed,0.6415094339622641
Valencia,18/19,GR,2,6,6,540,6,6,1,29,23,89.7,2,2,2,1,16.7,3,3,0,0,2,6,6,3,0,0,0,8.1,0.18,2.1,0.35,32,74,43.2,90,28,48.9,38.7,110,5,4.5,2,0.32999999999999996,11.4,22,6,103,67,61,33,9,94,51.1,46,62,22,40,76,179,114,3,18.333333333333332,17.166666666666668,12.666666666666666,29.833333333333332,10.166666666666666,1.5,Overperformed,0.6504854368932039
Inter,18/19,GR,1,6,6,540,6,7,1.1700000000000002,39,32,82.1,2,2,2,0,0,0,0,0,0,1,6,7,0,0,0,0,8.5,0.22,1.5,0.25,25,54,46.3,159,43,20.1,26.7,81,5,6.2,3,0.5,12,17,6,109,61,65,40,4,104,36.5,66,62,17,45,62,171,125,3,13.5,18.166666666666668,10.333333333333334,28.5,10.833333333333334,0.6666666666666666,Overperformed,0.5596330275229358
CSKA Moscow,18/19,GR,3,6,6,539,6,9,1.5,39,29,76.9,2,1,3,2,33.3,1,0,1,0,3,6,9,0,0,2,0,14.6,0.35,5.6,0.93,45,154,29.2,153,33,67.3,49.3,108,4,3.7,4,0.6699999999999999,11.7,22,6,104,67,66,31,7,111,34.2,73,76,21,55,62,166,187,3,18,17.333333333333332,10.333333333333334,27.666666666666668,11,1.1666666666666667,Overperformed,0.6442307692307693
Benfica,18/19,GR,1,6,6,540,6,11,1.83,35,24,68.6,2,1,3,1,16.7,0,0,0,0,1,6,11,0,0,3,0,13.5,0.4,2.5,0.42000000000000004,41,94,43.6,151,19,50.3,38.2,47,1,2.1,7,1.1700000000000002,18.4,20,6,137,95,68,62,7,120,50.8,59,81,17,64,86,223,116,2,7.833333333333333,22.833333333333332,14.333333333333334,37.166666666666664,11.333333333333334,1.1666666666666667,Overperformed,0.6934306569343066
Viktoria Plzeň,18/19,GR,2,6,6,540,6,16,2.67,43,27,67.4,2,1,3,0,0,2,2,0,0,2,6,16,2,0,3,0,14.7,0.3,-1.3,-0.21000000000000002,59,138,42.8,169,40,55,36.1,110,3,2.7,2,0.32999999999999996,9.5,21,6,81,47,47,28,6,95,44.2,53,67,18,49,64,145,145,1,18.333333333333332,13.5,10.666666666666666,24.166666666666668,7.833333333333333,1,Underperformed,0.5802469135802469
Club Brugge,18/19,GR,2,6,6,540,6,5,0.8300000000000001,22,17,77.3,1,3,2,3,50,0,0,0,0,2,6,5,0,0,1,0,5.9,0.27,0.9,0.15000000000000002,36,105,34.3,118,33,52.5,41.3,81,3,3.7,3,0.5,10.1,25,6,111,60,69,33,9,81,46.9,43,72,13,59,84,195,165,0,13.5,18.5,14,32.5,11.5,1.5,Overperformed,0.5405405405405406
Shakhtar,18/19,GR,1,6,6,540,6,16,2.67,36,20,61.1,1,3,2,0,0,2,2,0,0,1,6,16,2,0,2,0,11.8,0.27,-4.2,-0.7,37,92,40.2,186,44,34.9,32.8,80,5,6.3,5,0.8300000000000001,13.7,20,6,84,52,42,37,5,90,31.1,62,64,26,38,75,159,121,5,13.333333333333334,14,12.5,26.5,7,0.8333333333333334,Underperformed,0.6190476190476191
Galatasaray,18/19,GR,1,6,6,540,6,8,1.33,24,17,70.8,1,1,4,2,33.3,1,1,0,0,1,6,8,1,0,1,1,9.2,0.33999999999999997,2.2,0.36,42,107,39.3,174,24,44.8,37.2,74,10,13.5,7,1.1700000000000002,13.8,21,6,119,72,57,51,11,82,53.7,38,73,22,51,51,170,108,4,12.333333333333334,19.833333333333332,8.5,28.333333333333332,9.5,1.8333333333333333,Overperformed,0.6050420168067226
Young Boys,18/19,GR,2,6,6,540,6,12,2,30,18,63.3,1,1,4,0,0,1,1,0,0,2,6,12,1,0,0,0,11.1,0.33999999999999997,-0.9,-0.15000000000000002,63,149,42.3,171,29,57.3,45,102,1,1,2,0.32999999999999996,10.8,20,6,132,70,65,49,18,108,42.6,62,68,22,46,74,206,138,2,17,22,12.333333333333334,34.333333333333336,10.833333333333334,3,Underperformed,0.5303030303030303
Red Star,18/19,GR,1,6,6,540,6,17,2.8299999999999996,56,38,71.4,1,1,4,2,33.3,2,1,1,0,1,6,17,1,2,1,0,18.7,0.3,1.7,0.28,47,136,34.6,155,25,57.4,43.4,99,4,4,6,1,14.1,20,6,86,48,53,27,6,90,33.3,60,77,25,52,109,195,206,4,16.5,14.333333333333334,18.166666666666668,32.5,8.833333333333334,1,Overperformed,0.5581395348837209
Hoffenheim,18/19,GR,1,6,6,540,6,14,2.3299999999999996,43,29,67.4,0,3,3,0,0,0,0,0,0,1,6,14,0,1,1,0,15.7,0.37,1.7,0.29000000000000004,37,85,43.5,165,28,31.5,31,68,2,2.9,8,1.33,19.1,25,6,119,62,75,31,13,123,41.5,72,65,21,44,54,173,89,6,11.333333333333334,19.833333333333332,9,28.833333333333332,12.5,2.1666666666666665,Overperformed,0.5210084033613446
Loko Moscow,18/19,GR,1,6,6,540,6,12,2,33,21,69.7,1,0,5,1,16.7,2,2,0,0,1,6,12,2,1,3,0,8,0.18,-4,-0.6599999999999999,43,111,38.7,140,31,55,39.8,93,10,10.8,2,0.32999999999999996,10.4,19,6,114,80,56,46,12,106,40.6,63,72,24,48,93,207,141,4,15.5,19,15.5,34.5,9.333333333333334,2,Underperformed,0.7017543859649122
PSV Eindhoven,18/19,GR,1,6,6,540,6,13,2.17,50,37,74,0,2,4,0,0,0,0,0,0,1,6,13,0,1,0,0,13.1,0.26,0.1,0.02,63,134,47,126,21,61.1,42.3,119,3,2.5,2,0.32999999999999996,10.2,18,6,89,47,56,22,11,102,31.4,70,95,45,50,73,162,220,2,19.833333333333332,14.833333333333334,12.166666666666666,27,9.333333333333334,1.8333333333333333,Overperformed,0.5280898876404494
Monaco,18/19,GR,3,6,6,540,6,14,2.3299999999999996,28,14,53.6,0,1,5,0,0,2,1,0,1,3,6,14,1,0,1,0,12,0.4,-2,-0.32999999999999996,28,58,48.3,112,18,34.8,28.7,72,3,4.2,5,0.8300000000000001,12,29,6,87,52,46,36,5,65,38.5,40,60,8,52,66,153,125,3,12,14.5,11,25.5,7.666666666666667,0.8333333333333334,Underperformed,0.5977011494252874
AEK Athens,18/19,GR,1,6,6,540,6,13,2.17,40,27,72.5,0,0,6,0,0,2,2,0,0,1,6,13,2,1,3,0,15.2,0.33999999999999997,2.2,0.37,66,145,45.5,155,16,69,44.5,116,5,4.3,2,0.32999999999999996,10.6,20,6,95,67,57,33,5,86,37.2,54,60,24,36,90,185,138,2,19.333333333333332,15.833333333333334,15,30.833333333333332,9.5,0.8333333333333334,Overperformed,0.7052631578947368
