Squad,Year,Rank,# Pl.x,Poss,90s.x,Touches,Def Pen,Def 3rd,Mid 3rd,Att 3rd,Att Pen,Live,Att.x,Succ,Succ%,Tkld,Tkld%,Carries,TotDist.x,PrgDist.x,PrgC,1/3.x,CPA,Mis,Dis,Rec,PrgR,# Pl.y,90s.y,Cmp,Att.y,Cmp%,TotDist.y,PrgDist.y,Ast,xAG,xA,A-xAG,KP,1/3.y,PPA,CrsPA,PrgP,takeons_per_match,prop_def_third,prop_def_mid,prop_def_att
Manchester City,22/23,W,23,59.8,13,9902,650,2217,4861,2903,371,9897,256,151,59,68,26.6,6338,33355,18299,332,263,95,135,98,7628,634,23,13,7695,8736,88.1,133458,36726,23,17.8,17,5.2,164,648,128,30,644,19.692307692307693,0.22389416279539487,0.49091092708543727,0.2931730963441729
Inter,22/23,F,22,45.6,13,7429,1028,2866,2971,1661,270,7428,163,78,47.9,62,38,4207,20379,10227,204,163,39,163,106,4747,436,22,13,4784,6011,79.6,91946,34311,17,14.3,13.4,2.7,123,336,93,32,440,12.538461538461538,0.3857854354556468,0.39991923542872526,0.22358325481222238
Real Madrid,22/23,SF,22,53.7,12,8840,845,2587,3955,2376,309,8837,270,120,44.4,113,41.9,5616,29146,14677,284,207,94,140,86,6617,492,22,12,6655,7601,87.6,103798,32798,21,17.2,19.1,3.8,147,496,104,22,494,22.5,0.2926470588235294,0.4473981900452489,0.2687782805429864
Milan,22/23,SF,23,48,12,6736,739,2282,3104,1426,231,6733,266,115,43.2,112,42.1,3683,21372,11242,217,145,57,183,121,4253,366,23,12,4306,5392,79.9,80341,29115,9,11.3,11,-2.3,99,311,77,26,378,22.166666666666668,0.3387767220902613,0.46080760095011875,0.21169833729216153
Bayern Munich,22/23,QF,24,56.1,10,7288,705,2305,3211,1838,294,7287,232,121,52.2,88,37.9,4893,25909,13199,249,162,64,155,114,5241,538,24,10,5277,6096,86.6,92687,30813,19,15.5,13.5,3.5,129,464,106,11,541,23.2,0.31627332601536773,0.44058726673984633,0.2521953896816685
Napoli,22/23,QF,22,56.4,10,6947,633,2106,3408,1519,298,6939,248,114,46,95,38.3,4691,23225,12389,260,166,80,138,82,4908,415,22,10,4938,5849,84.4,79554,26691,20,15.7,15.1,4.3,136,326,89,20,419,24.8,0.30315243990211604,0.4905714696991507,0.21865553476320715
Benfica,22/23,QF,24,52.9,10,6876,588,1981,3199,1777,254,6871,201,99,49.3,85,42.3,4463,22971,11004,187,182,43,155,83,4804,449,24,10,4832,5740,84.2,82686,26948,16,12,12.5,4,103,373,99,18,455,20.1,0.2881035485747528,0.4652414194299011,0.258435136707388
Chelsea,22/23,QF,26,57.3,10,7105,539,1883,3368,1928,272,7103,208,89,42.8,90,43.3,5033,23433,11627,211,220,47,153,91,4985,510,26,10,5015,5977,83.9,83375,27690,7,11.8,13.4,-4.8,115,418,105,16,512,20.8,0.2650246305418719,0.4740323715693174,0.2713581984517945
Liverpool,22/23,R16,25,54.9,8,5473,397,1444,2578,1500,257,5472,148,62,41.9,68,45.9,3020,15605,7685,150,132,48,133,85,3756,399,25,8,3786,4628,81.8,64379,23190,15,10.8,11.7,4.2,103,305,101,16,407,18.5,0.26384067239174125,0.4710396491869176,0.2740727206285401
Paris S-G,22/23,R16,21,56.8,8,5947,558,1832,2760,1411,210,5946,202,99,49,74,36.6,4836,26522,12412,184,197,55,102,91,4543,351,21,8,4570,5187,88.1,68541,22084,12,7.1,8.6,4.9,70,311,89,8,352,25.25,0.30805448125105095,0.4640995459895746,0.2372624852866992
Porto,22/23,R16,24,47.5,8,4608,613,1703,1929,1025,215,4605,145,62,42.8,65,44.8,2839,13925,7253,144,83,41,126,53,2832,248,24,8,2857,3703,77.2,51436,19403,7,10.6,8.6,-3.6,85,173,60,16,249,18.125,0.3695746527777778,0.4186197916666667,0.2224392361111111
RB Leipzig,22/23,R16,22,50,8,5175,543,1698,2323,1190,175,5175,112,58,51.8,39,34.8,3642,17613,8524,126,109,33,113,62,3740,335,22,8,3767,4438,84.9,63764,20326,12,10.2,10.2,1.8,74,270,88,17,336,14,0.32811594202898553,0.4488888888888889,0.22995169082125605
Dortmund,22/23,R16,26,47.9,8,5038,598,1815,2230,1047,162,5038,160,69,43.1,74,46.3,3162,16843,8732,159,124,45,104,71,3365,299,26,8,3388,4123,82.2,57515,19809,10,8.8,7.3,1.2,74,227,57,6,300,20,0.36026200873362446,0.4426359666534339,0.20782056371576021
Tottenham,22/23,R16,25,50.6,8,5113,491,1547,2430,1175,166,5111,135,52,38.5,54,40,3027,16071,7784,152,114,27,113,62,3431,353,25,8,3459,4270,81,60303,21384,7,7.5,8.5,-0.5,71,268,67,16,355,16.875,0.3025620966164678,0.4752591433600626,0.22980637590455702
Club Brugge,22/23,R16,25,45.6,8,4651,615,1704,2088,900,105,4649,153,67,43.8,68,44.4,3048,16394,6987,109,77,27,93,70,2949,238,25,8,2998,3805,78.8,57815,20432,7,5.2,4.1,1.8,47,193,39,10,239,19.125,0.3663728230488067,0.44893571274994626,0.1935067727370458
Eint Frankfurt,22/23,R16,22,43.3,8,4589,441,1570,2170,891,125,4588,130,44,33.8,70,53.8,2613,13679,6578,140,104,25,120,87,2798,256,22,8,2827,3691,76.6,47000,16909,5,5.5,5,-0.5,51,190,37,4,258,16.25,0.3421224667683591,0.47286990629766834,0.19415994770102418
Barcelona,22/23,GR,26,64.8,6,4658,323,977,2308,1402,194,4658,130,51,39.2,65,50,3126,16679,8903,167,135,36,84,63,3448,357,26,6,3476,4033,86.2,59905,19061,10,8.2,10.5,1.8,71,343,84,18,358,21.666666666666668,0.20974667239158437,0.49549162730785745,0.30098754830399316
Sporting CP,22/23,GR,25,45.3,6,3470,572,1549,1484,469,67,3470,108,49,45.4,47,43.5,2097,9705,4974,78,56,16,90,88,2240,138,25,6,2250,2812,80,40741,13062,5,3,2.5,2,33,95,20,4,139,18,0.4463976945244957,0.4276657060518732,0.1351585014409222
Marseille,22/23,GR,19,59.2,6,4280,266,918,2187,1209,111,4279,119,46,38.7,63,52.9,3299,18102,8568,129,134,19,102,60,3051,323,19,6,3072,3647,84.2,55131,15761,6,5.3,4.9,0.7,54,306,46,11,324,19.833333333333332,0.2144859813084112,0.5109813084112149,0.2824766355140187
Shakhtar,22/23,GR,20,42.3,6,3603,658,1828,1401,396,64,3603,103,32,31.1,57,55.3,2274,11751,5899,104,68,19,71,52,2444,139,20,6,2461,2927,84.1,41792,14439,7,3,3.1,4,32,100,18,4,140,17.166666666666668,0.5073549819594783,0.38884263114071604,0.10990840965861781
RB Salzburg,22/23,GR,19,40,6,3016,338,873,1411,779,108,3015,100,33,33,52,52,1681,9870,4686,86,78,20,112,63,1512,169,19,6,1527,2223,68.7,26035,11972,3,5.9,4.8,-2.9,58,127,43,13,171,16.666666666666668,0.28945623342175064,0.46783819628647216,0.258289124668435
Ajax,22/23,GR,19,53.2,6,4006,479,1360,1802,871,138,4005,89,39,43.8,35,39.3,2570,10632,5067,80,68,20,83,52,2806,231,19,6,2834,3385,83.7,48341,15879,9,6.3,6.2,2.7,53,210,65,15,234,14.833333333333334,0.33949076385421867,0.44982526210683976,0.21742386420369444
Atlético Madrid,22/23,GR,22,56.5,6,4301,288,1098,2077,1153,148,4299,89,40,44.9,42,47.2,2849,13512,6392,111,104,27,86,59,3024,281,22,6,3047,3674,82.9,51306,16783,3,5.3,4.7,-2.3,65,235,58,19,286,14.833333333333334,0.2552894675656824,0.4829109509416415,0.2680771913508486
Leverkusen,22/23,GR,20,51.3,6,3905,382,1232,1865,835,135,3903,97,41,42.3,43,44.3,2045,12557,7070,138,93,42,93,49,2645,258,20,6,2663,3241,82.2,45432,16050,4,6.3,6.1,-2.3,60,208,55,9,260,16.166666666666668,0.3154929577464789,0.47759282970550576,0.21382842509603073
Sevilla,22/23,GR,24,50.7,6,3745,455,1427,1531,806,102,3745,79,34,43,33,41.8,2092,9099,4185,74,60,18,73,43,2611,230,24,6,2635,3189,82.6,48400,15877,5,4,4.4,1,50,161,43,9,233,13.166666666666666,0.38104138851802405,0.4088117489986649,0.21522029372496662
Dinamo Zagreb,22/23,GR,20,46.8,6,3485,538,1444,1430,643,78,3485,89,36,40.4,43,48.3,2216,11635,5843,107,87,15,93,69,2217,194,20,6,2232,2821,79.1,40331,15054,2,3.2,3.3,-1.2,41,129,37,11,194,14.833333333333334,0.4143472022955524,0.4103299856527977,0.18450502152080345
Juventus,22/23,GR,26,48.3,6,3720,364,1025,1767,960,127,3720,100,42,42,40,40,2304,11852,5940,120,97,31,75,68,2538,275,26,6,2553,3100,82.4,47736,16403,8,7,4.9,1,58,239,48,15,277,16.666666666666668,0.27553763440860213,0.475,0.25806451612903225
FC Copenhagen,22/23,GR,25,37.7,6,3102,397,1238,1273,620,97,3102,95,41,43.2,40,42.1,1371,8191,4190,73,52,21,64,36,1931,141,25,6,1950,2478,78.7,34295,11982,1,3.5,3.3,-2.5,38,127,27,6,142,15.833333333333334,0.39909735654416506,0.4103803997421019,0.19987105093488072
Maccabi Haifa,22/23,GR,20,43.3,6,3364,376,1087,1578,743,101,3363,101,43,42.6,45,44.6,2212,12095,5961,107,97,22,82,55,2159,210,20,6,2173,2698,80.5,36803,13241,6,5.2,4.5,0.8,64,150,41,11,213,16.833333333333332,0.3231272294887039,0.4690844233055886,0.2208680142687277
Celtic,22/23,GR,22,44.2,6,3833,317,1046,1780,1035,141,3832,76,34,44.7,30,39.5,2677,13492,6993,98,76,15,79,69,2708,300,22,6,2714,3217,84.4,47286,16001,1,6.6,7.4,-5.6,63,236,75,24,300,12.666666666666666,0.27289329506913645,0.4643882076702322,0.270023480302635
Viktoria Plzeň,22/23,GR,22,29.5,6,2475,403,1000,919,585,98,2474,70,24,34.3,37,52.9,1135,5833,2672,69,38,9,74,55,1314,125,22,6,1328,1806,73.5,26820,13246,4,3.5,3.8,0.5,46,129,40,17,127,11.666666666666666,0.40404040404040403,0.3713131313131313,0.23636363636363636
Rangers,22/23,GR,22,38.5,6,3046,455,1224,1291,561,68,3045,89,30,33.7,50,56.2,1707,8592,3860,62,51,17,82,54,1838,137,22,6,1850,2452,75.4,33043,11529,1,2.7,2.3,-1.7,30,118,20,13,139,14.833333333333334,0.40183847669074196,0.4238345370978332,0.18417596848325674
Real Madrid,21/22,W,25,51.1,13.7,9305,1023,3127,3737,2521,348,9302,239,136,56.9,103,43.1,5287,29734,15396,289,223,79,154,115,6725,547,25,13.7,6773,7907,85.7,110520,34445,21,15.7,16.5,5.3,144,471,140,23,552,17.445255474452555,0.33605588393336916,0.4016120365394949,0.2709296077377754
Liverpool,21/22,F,28,61.8,13,10137,637,2450,5012,2772,403,10135,304,164,53.9,139,45.7,5949,28807,14815,291,244,96,249,125,7272,734,28,13,7308,8675,84.2,125865,43721,21,20.6,17.1,0.4,168,633,145,28,740,23.384615384615383,0.24168886258261812,0.49442635888329883,0.27345368452204794
Manchester City,21/22,SF,26,60.1,12.3,9140,613,2049,4437,2720,383,9138,226,135,59.7,91,40.3,6635,33533,18924,338,275,85,157,92,6906,750,26,12.3,6979,8008,87.2,121207,37364,23,20.3,19,2.7,151,667,161,16,757,18.373983739837396,0.22417943107221006,0.4854485776805252,0.2975929978118162
Villarreal,21/22,SF,25,43.2,12,6547,934,2523,2569,1516,208,6545,211,94,44.5,117,55.5,3473,18876,10004,184,130,51,191,104,3982,315,25,12,4060,5187,78.3,71760,26371,16,15.3,12.1,0.7,95,258,71,15,320,17.583333333333332,0.38536734382159765,0.39239346265465097,0.23155643806323506
Bayern Munich,21/22,QF,24,62.9,10,7713,559,2009,3459,2308,348,7709,236,162,68.6,74,31.4,5223,25172,13674,238,195,63,158,86,5656,701,24,10,5697,6637,85.8,100704,35472,23,18.7,16.6,4.3,143,586,149,31,705,23.6,0.26046933748217294,0.4484636328276935,0.29923505769480097
Chelsea,21/22,QF,24,61,10.3,7885,440,1665,3731,2560,309,7883,195,108,55.4,87,44.6,4657,23506,12819,226,237,39,152,93,5853,568,24,10.3,5889,6826,86.3,93132,29284,15,15.4,16.3,-0.4,134,480,148,19,572,18.932038834951456,0.21116043119847813,0.47317691819911223,0.32466708941027267
Benfica,21/22,QF,24,38.9,10,5209,751,2013,2190,1059,157,5208,201,108,53.7,93,46.3,2906,15253,7443,155,124,45,146,101,3102,277,24,10,3125,4035,77.4,55862,21599,10,8.6,5.6,1.4,76,222,45,11,278,20.1,0.38644653484354,0.4204261854482626,0.2033019773468996
Atlético Madrid,21/22,QF,22,40.6,10,4965,573,1717,2207,1092,177,4964,134,78,58.2,56,41.8,2580,13669,7225,161,111,40,135,90,2925,283,22,10,2953,3955,74.7,50825,19634,8,8.7,7.9,-0.7,68,197,56,11,284,13.4,0.3458207452165156,0.4445115810674723,0.21993957703927491
Ajax,21/22,R16,21,61.4,8,5808,416,1413,2600,1843,305,5807,157,82,52.2,74,47.1,3721,17529,9217,179,117,39,119,66,4140,505,21,8,4186,4952,84.5,69706,24237,16,14.1,13.7,1.9,107,344,146,27,509,19.625,0.24328512396694216,0.4476584022038568,0.3173209366391185
Juventus,21/22,R16,28,51.5,8,5368,490,1566,2628,1211,179,5366,106,67,63.2,39,36.8,3045,14874,7748,153,116,37,123,66,3768,312,28,8,3798,4501,84.4,67637,21193,6,9.7,9,-3.7,84,320,70,18,317,13.25,0.2917287630402384,0.48956780923994037,0.22559612518628913
Paris S-G,21/22,R16,21,54.9,8,5796,717,1998,2661,1183,171,5792,188,113,60.1,75,39.9,3146,17376,9071,166,137,61,115,85,4265,274,21,8,4292,4901,87.6,62993,21409,8,9.6,8.3,-1.6,70,230,51,4,275,23.5,0.3447204968944099,0.4591097308488613,0.2041062801932367
Inter,21/22,R16,22,49.1,8,5033,573,1670,2147,1254,213,5033,93,44,47.3,49,52.7,3117,15325,8012,146,92,33,105,49,3493,386,22,8,3535,4237,83.4,63351,21912,6,9.4,9.4,-3.4,100,302,83,26,389,11.625,0.3318100536459368,0.4265845420226505,0.24915557321676932
Manchester Utd,21/22,R16,31,53.9,8,5302,451,1556,2571,1222,137,5302,131,68,51.9,63,48.1,2712,14508,7451,133,101,27,140,56,3657,314,31,8,3690,4474,82.5,65094,20999,11,7.4,7.8,3.6,62,267,59,12,314,16.375,0.2934741606940777,0.48491135420596,0.23047906450396077
Lille,21/22,R16,23,46.8,8,4567,417,1404,2209,1005,133,4565,172,99,57.6,73,42.4,2247,12562,6140,129,81,32,155,70,2811,281,23,8,2837,3691,76.9,50252,18323,4,5.7,4.6,-1.7,58,227,47,14,283,21.5,0.30742281585285747,0.48368732209327786,0.22005693015108385
RB Salzburg,21/22,R16,21,44.4,8,4325,419,1457,1857,1068,119,4320,140,69,49.3,71,50.7,2162,11009,6036,127,79,39,158,59,2433,292,21,8,2457,3368,73,44588,18082,6,6.1,3.9,-0.1,55,237,36,2,293,17.5,0.336878612716763,0.429364161849711,0.24693641618497109
Sporting CP,21/22,R16,27,41.4,8,4220,609,1690,1905,676,128,4217,127,70,55.1,57,44.9,2342,12181,6159,126,79,35,131,68,2610,227,27,8,2626,3338,78.7,46252,16769,10,8,7.1,2,56,139,37,11,228,15.875,0.4004739336492891,0.4514218009478673,0.16018957345971563
Dortmund,21/22,GR,23,51.8,6,4022,341,1092,1933,1040,155,4020,141,92,65.2,49,34.8,2566,13434,7220,137,97,40,78,59,2735,252,23,6,2759,3376,81.7,45699,15694,8,9.1,7.9,-1.1,64,201,52,10,254,23.5,0.2715067130780706,0.4806066633515664,0.2585778219791149
RB Leipzig,21/22,GR,23,49,6,3583,388,1173,1495,940,170,3580,79,45,57,34,43,1599,8863,4428,88,81,29,80,58,2271,242,23,6,2288,2923,78.3,38913,15225,13,9.6,8.4,3.4,66,187,63,11,244,13.166666666666666,0.3273792910968462,0.4172481161038236,0.26234998604521353
Sheriff Tiraspol,21/22,GR,19,29.8,6,2580,526,1279,869,467,65,2580,85,51,60,34,40,1487,8270,4384,89,59,19,87,59,1354,99,19,6,1368,1834,74.6,26046,10729,5,3.4,2.7,1.6,39,82,23,10,100,14.166666666666666,0.49573643410852714,0.3368217054263566,0.1810077519379845
Barcelona,21/22,GR,23,57.8,6,4303,331,1036,2168,1140,144,4303,113,77,68.1,36,31.9,2723,13501,7284,142,124,35,91,80,3166,305,23,6,3185,3747,85,53967,17042,1,5.5,7,-4.5,54,232,57,15,309,18.833333333333332,0.2407622588891471,0.5038345340460144,0.26493144317917733
Sevilla,21/22,GR,22,60.5,6,4134,350,1404,1741,1013,115,4132,134,65,48.5,69,51.5,2445,10226,4994,87,75,19,95,48,2807,295,22,6,2825,3515,80.4,55879,18552,3,4.3,5.1,-1.3,52,218,48,17,297,22.333333333333332,0.33962264150943394,0.4211417513304306,0.24504112239961295
Atalanta,21/22,GR,21,52,6,3891,301,1142,1646,1137,148,3891,108,50,46.3,58,53.7,2151,11339,5609,133,101,40,134,65,2514,259,21,6,2537,3168,80.1,45131,15818,11,8.8,6.8,2.2,65,199,56,13,262,18,0.29349781547160114,0.4230274993574916,0.29221279876638395
Zenit,21/22,GR,21,45.7,6,3580,372,1149,1587,881,146,3579,71,44,62,27,38,2196,10438,5408,87,81,20,100,33,2421,224,21,6,2433,2956,82.3,42186,14420,6,6.8,7.8,-0.8,61,164,59,17,225,11.833333333333334,0.32094972067039107,0.4432960893854749,0.24608938547486034
Young Boys,21/22,GR,24,50,6,3613,352,1295,1553,806,117,3613,118,54,45.8,64,54.2,2339,11515,5793,111,78,20,119,54,2323,241,24,6,2337,2925,79.9,46068,15665,4,5.7,4.3,-1.7,62,215,47,15,244,19.666666666666668,0.3584278992526986,0.42983670080265707,0.22308331026847494
Wolfsburg,21/22,GR,21,43.2,6,3196,412,1303,1371,567,66,3196,124,64,51.6,60,48.4,1608,8039,4222,79,54,15,121,42,1822,156,21,6,1840,2472,74.4,36001,14464,4,3.5,3.6,0.5,33,132,24,8,160,20.666666666666668,0.4076971214017522,0.42897371714643306,0.1774092615769712
Porto,21/22,GR,22,47.8,6,3226,403,1106,1349,813,123,3225,102,51,50,51,50,1673,8807,4311,90,68,25,113,50,1911,155,22,6,1925,2550,75.5,36233,13408,3,5.7,5.4,-2.7,52,134,35,12,157,17,0.3428394296342219,0.4181649101053937,0.25201487910725356
Milan,21/22,GR,23,46.8,6,3367,425,1288,1478,648,94,3367,136,78,57.4,58,42.6,1684,10201,5178,91,86,20,118,68,2037,160,23,6,2056,2651,77.6,36630,14360,4,3.8,4.5,0.2,30,122,36,9,160,22.666666666666668,0.38253638253638256,0.43896643896643894,0.19245619245619244
Club Brugge,21/22,GR,21,38.8,6,3160,423,1183,1180,829,122,3160,130,83,63.8,47,36.2,1532,8348,4016,83,68,26,98,50,1779,204,21,6,1798,2466,72.9,31468,14027,5,4.5,3.8,0.5,40,129,41,7,208,21.666666666666668,0.37436708860759493,0.37341772151898733,0.26234177215189874
Shakhtar,21/22,GR,25,58.8,6,4405,442,1191,2165,1078,140,4405,123,71,57.7,52,42.3,2989,15395,8760,146,119,39,86,59,3350,290,25,6,3389,3823,88.6,53950,17539,2,6.3,6.1,-4.3,65,267,47,3,291,20.5,0.2703745743473326,0.49148694665153236,0.24472190692395004
Dynamo Kyiv,21/22,GR,23,41.2,6,3389,486,1411,1293,715,96,3389,77,37,48.1,40,51.9,1730,8816,4542,82,63,18,95,32,2147,173,23,6,2161,2713,79.7,37772,13940,1,3,4,-2,31,123,43,6,175,12.833333333333334,0.41634700501622895,0.38152847447624666,0.21097668928887578
Malmö,21/22,GR,21,38,6,2992,442,1201,1369,441,36,2992,71,40,56.3,31,43.7,1900,8357,3417,53,36,8,78,80,1827,128,21,6,1838,2400,76.6,32001,11682,1,1.4,1.3,-0.4,29,100,20,8,131,11.833333333333334,0.40140374331550804,0.4575534759358289,0.14739304812834225
Beşiktaş,21/22,GR,26,44.2,6,3409,434,1210,1647,581,86,3408,125,77,61.6,48,38.4,1719,8959,4483,98,69,23,112,73,2071,177,26,6,2092,2680,78.1,34605,14371,2,5,4.6,-3,37,129,35,12,177,20.833333333333332,0.354942798474626,0.48313288354356115,0.1704312114989733
Chelsea,20/21,W,24,51.8,13,8892,834,2640,4241,2085,268,8886,218,135,61.9,83,38.1,5291,24754,12995,254,215,77,208,104,6202,524,24,13,6232,7483,83.3,99615,33624,16,18.8,12.8,-2.8,117,386,107,22,526,16.76923076923077,0.2968960863697706,0.4769455690508322,0.2344804318488529
Manchester City,20/21,F,25,60.2,13,10559,567,1913,5962,2764,380,10557,270,162,60,108,40,6689,32817,18288,322,291,92,153,117,8220,694,25,13,8282,9399,88.1,133374,37276,18,16.9,17.5,1.1,125,571,128,11,698,20.76923076923077,0.18117245951321148,0.564636802727531,0.2617672128042428
Real Madrid,20/21,SF,25,57.6,12,9464,779,2526,4695,2321,302,9462,221,147,66.5,74,33.5,5869,29677,14611,281,213,84,151,101,7102,542,25,12,7142,8274,86.3,120434,35434,13,13.2,14.5,-0.2,131,493,114,21,546,18.416666666666668,0.2669061707523246,0.4960904480135249,0.2452451394759087
Paris S-G,20/21,SF,23,48.3,12,7686,980,2838,3474,1457,251,7682,297,175,58.9,122,41.1,4378,22437,11608,215,157,67,195,111,5161,394,23,12,5198,6236,83.4,80282,29918,16,15.1,11.7,0.9,105,290,84,12,402,24.75,0.3692427790788447,0.4519906323185012,0.18956544366380432
Bayern Munich,20/21,QF,26,59.6,10,7454,578,2014,3451,2054,286,7451,221,136,61.5,85,38.5,4573,25822,14496,271,203,64,156,92,5328,579,26,10,5362,6355,84.4,95310,30508,18,15.2,16.3,2.8,119,420,112,26,585,22.1,0.27019050174403003,0.46297290045613093,0.27555674805473573
Liverpool,20/21,QF,29,52,10,6997,640,1982,3483,1607,227,6996,185,102,55.1,83,44.9,4418,21750,11459,213,190,57,183,98,4687,435,29,10,4722,5888,80.2,79146,27797,10,10.8,9.1,-0.8,85,305,88,15,439,18.5,0.2832642561097613,0.49778476489924256,0.22966985851079033
Porto,20/21,QF,26,39.8,10.3,5228,739,2090,2127,1075,164,5224,182,109,59.9,73,40.1,2574,12609,6076,118,88,30,173,74,3015,246,26,10.3,3046,4066,74.9,55442,20991,6,6.7,6.3,-0.7,55,196,57,12,251,17.669902912621357,0.3997704667176741,0.4068477429227238,0.20562356541698545
Dortmund,20/21,QF,26,49.5,10,7041,695,2112,3099,1884,229,7039,172,94,54.7,78,45.3,4035,21883,11455,178,187,49,144,55,5032,457,26,10,5066,5974,84.8,86899,26915,11,9.9,10.4,1.1,93,430,89,4,463,17.2,0.29995739241585,0.44013634426927994,0.2675756284618662
Juventus,20/21,R16,22,55.1,8.3,6053,439,1413,3230,1463,232,6051,146,90,61.6,56,38.4,3739,18393,9482,151,133,49,108,56,4427,435,22,8.3,4454,5227,85.2,78669,25279,14,11.2,8.5,2.8,101,355,82,29,437,17.59036144578313,0.23343796464563027,0.5336196927143565,0.24169833140591443
Barcelona,20/21,R16,27,62.1,8,6940,395,1271,3304,2403,288,6933,187,115,61.5,72,38.5,4466,21740,11770,224,187,73,89,96,5494,480,27,8,5515,6151,89.7,79824,23314,12,13.6,15.1,-1.6,109,410,113,14,484,23.375,0.18314121037463976,0.4760806916426513,0.3462536023054755
Sevilla,20/21,R16,25,60.3,8,5842,441,1495,2857,1534,196,5841,127,76,59.8,51,40.2,3210,16215,8377,137,116,30,126,87,4180,312,25,8,4212,5040,83.6,74377,21580,8,8.1,8.6,-0.1,91,267,68,33,314,15.875,0.2559055118110236,0.4890448476549127,0.26258130777131117
RB Leipzig,20/21,R16,20,52.4,8,5396,518,1668,2593,1183,178,5395,112,64,57.1,48,42.9,3047,14864,7304,102,116,26,147,63,3478,323,20,8,3496,4469,78.2,59019,21375,10,8.8,7.8,1.2,85,232,78,15,323,14,0.30911786508524836,0.48054114158636024,0.219236471460341
Atalanta,20/21,R16,25,46.5,8,5004,414,1562,2245,1239,167,5004,132,71,53.8,61,46.2,2500,13097,6282,141,122,45,137,73,3138,309,25,8,3158,4052,77.9,54011,21440,10,10,7.2,0,71,258,61,11,313,16.5,0.31215027977617904,0.44864108713029577,0.2476019184652278
Lazio,20/21,R16,25,44.8,8,4898,563,1789,2163,991,129,4895,120,74,61.7,46,38.3,2421,14596,7637,125,117,29,98,56,3264,268,25,8,3295,4028,81.8,58871,20971,8,9.3,6.9,-1.3,69,236,54,17,268,15,0.3652511229073091,0.44160881992650064,0.20232748060432829
Atlético Madrid,20/21,R16,20,49.1,8,5045,463,1398,2284,1404,193,5045,144,98,68.1,46,31.9,2475,13206,7116,157,118,31,115,59,3233,351,20,8,3258,4181,77.9,53423,18979,6,7.8,9,-1.8,65,243,82,13,355,18,0.27710604558969276,0.4527254707631318,0.2782953419226957
M'Gladbach,20/21,R16,21,42,8,4765,649,1954,2099,754,103,4763,109,68,62.4,41,37.6,2315,11836,6065,111,83,14,64,53,3243,212,21,8,3260,3961,82.3,54291,18153,9,7.6,5.8,1.4,56,152,52,8,214,13.625,0.4100734522560336,0.44050367261280166,0.15823714585519413
Manchester Utd,20/21,GR,23,51,6,3860,335,989,1887,1017,146,3856,109,68,62.4,41,37.6,1950,10958,5972,128,88,41,92,64,2602,233,23,6,2618,3233,81,42136,14526,7,6.8,5.5,0.2,66,184,49,7,235,18.166666666666668,0.2562176165803109,0.488860103626943,0.2634715025906736
Club Brugge,20/21,GR,22,50.2,6,3889,353,1140,1706,1083,111,3887,99,63,63.6,36,36.4,2390,12611,6165,117,94,19,73,62,2644,245,22,6,2661,3324,80.1,48485,16370,4,5.4,6,-1.4,40,213,46,9,250,16.5,0.2931344818719465,0.4386731807662638,0.2784777577783492
Shakhtar,20/21,GR,23,45.3,6,3682,487,1513,1695,520,58,3682,104,73,70.2,31,29.8,2000,10296,4640,86,67,19,58,74,2571,147,23,6,2588,3078,84.1,46468,14087,3,3.9,2.2,-0.9,31,115,13,2,147,17.333333333333332,0.410917979359044,0.4603476371537208,0.1412275936990766
Ajax,20/21,GR,21,56,6,4074,445,1457,1741,922,118,4073,107,71,66.4,36,33.6,2458,11957,6320,112,77,26,77,57,2597,252,21,6,2631,3408,77.2,45424,17489,5,5.7,5.8,-0.7,48,195,42,11,255,17.833333333333332,0.35763377515954836,0.4273441335297005,0.226313205694649
Inter,20/21,GR,21,50.3,6,3923,326,1087,1931,924,157,3923,79,45,57,34,43,2149,10448,5834,101,46,27,78,36,2762,284,21,6,2788,3369,82.8,52070,16428,6,5.9,6.6,0.1,59,232,65,22,289,13.166666666666666,0.27708386438949784,0.4922253377517206,0.23553403007902116
Krasnodar,20/21,GR,23,37.5,6,3115,386,1079,1369,694,113,3114,91,58,63.7,33,36.3,1718,8987,3930,80,73,16,106,49,1759,199,23,6,1773,2411,73.5,29934,13173,4,3.8,4.8,0.2,46,115,49,8,201,15.166666666666666,0.3463884430176565,0.43948635634028893,0.22279293739967898
RB Salzburg,20/21,GR,19,48.8,6,3724,299,1075,1740,948,142,3724,92,45,48.9,47,51.1,1870,9916,5292,103,85,28,88,49,2151,292,19,6,2172,2946,73.7,37091,14715,6,8.2,6.8,-2.2,69,202,60,7,297,15.333333333333334,0.28866809881847477,0.4672395273899033,0.2545649838882922
Dynamo Kyiv,20/21,GR,22,42.5,6,3583,457,1449,1542,622,91,3582,60,37,61.7,23,38.3,2124,9875,4948,92,69,18,85,43,2382,180,22,6,2397,2931,81.8,42991,13806,1,3.8,3.7,-2.8,29,145,35,14,180,10,0.4044097125313983,0.4303656154060843,0.17359754395757745
Loko Moscow,20/21,GR,22,38.8,6,3093,562,1367,1258,498,70,3091,85,54,63.5,31,36.5,1478,7593,3563,78,50,18,106,54,1678,157,22,6,1700,2329,73,31025,14399,3,3,2.9,0,31,105,27,8,157,14.166666666666666,0.4419657290656321,0.4067248625929518,0.16100872938894278
Olympiacos,20/21,GR,21,49,6,3723,416,1338,1804,614,74,3723,74,50,67.6,24,32.4,2116,10135,4895,67,50,14,74,55,2477,187,21,6,2498,3153,79.2,43870,15002,2,3.1,3.2,-1.1,30,155,24,8,189,12.333333333333334,0.35938759065269943,0.48455546602202526,0.16492076282567822
Başakşehir,20/21,GR,21,42.8,6,3468,388,1192,1515,800,90,3468,95,50,52.6,45,47.4,2117,10902,5293,122,94,26,91,44,2129,188,21,6,2146,2773,77.4,37081,13710,5,4.4,4.4,0.6,48,128,34,9,195,15.833333333333334,0.34371395617070355,0.43685121107266434,0.2306805074971165
Marseille,20/21,GR,20,50,6,3745,421,1357,1773,643,59,3742,98,52,53.1,46,46.9,2167,9810,4859,79,60,14,71,41,2565,189,20,6,2583,3182,81.2,43802,14773,0,3.2,3,-3.2,37,147,21,7,191,16.333333333333332,0.3623497997329773,0.47343124165554074,0.17169559412550067
Midtjylland,20/21,GR,22,42.3,6,3189,447,1176,1341,716,101,3187,96,62,64.6,34,35.4,1606,8643,4469,89,59,17,100,56,1755,171,22,6,1797,2548,70.5,34613,13936,2,4.5,3.9,-2.5,41,137,31,8,174,16,0.36876763875823143,0.4205079962370649,0.22452179366572594
Rennes,20/21,GR,26,49.5,6,3765,346,1183,1766,844,104,3763,95,57,60,38,40,2023,11068,5454,102,88,24,101,43,2505,214,26,6,2518,3151,79.9,45874,15572,1,4.9,4,-3.9,52,190,39,10,215,15.833333333333334,0.31420982735723774,0.46905710491367864,0.22416998671978752
Zenit,20/21,GR,21,46.2,6,3678,392,1238,1582,896,103,3678,76,45,59.2,31,40.8,1936,10022,5007,90,79,18,92,60,2375,205,21,6,2394,3026,79.1,42918,15831,3,5,5.2,-2,46,161,47,17,206,12.666666666666666,0.33659597607395325,0.4301250679717238,0.24361065796628603
Ferencváros,20/21,GR,20,44.2,6,3708,436,1516,1633,594,78,3707,87,48,55.2,39,44.8,2355,10515,5501,69,62,11,103,53,2522,175,20,6,2554,3106,82.2,48627,15653,3,3.5,2.3,-0.5,45,135,31,3,181,14.5,0.40884573894282633,0.44039913700107874,0.16019417475728157
Bayern Munich,19/20,W,20,63.8,11,8620,593,2102,4182,2397,410,8618,210,128,61,82,39,5469,27506,15318,315,202,89,137,70,6408,694,20,11,6436,7516,85.6,115971,36605,37,25.3,21.6,11.7,175,498,167,33,694,19.09090909090909,0.24385150812064965,0.4851508120649652,0.27807424593967517
Paris S-G,19/20,F,24,53.2,11,7823,717,2423,3963,1515,225,7822,228,137,60.1,91,39.9,4706,22862,12052,204,187,58,165,95,5608,443,24,11,5643,6611,85.4,85322,29877,20,21.3,17.9,-1.3,102,314,86,8,443,20.727272727272727,0.30972772593634157,0.5065831522433849,0.19365972133452639
RB Leipzig,19/20,SF,25,57.1,10,7632,600,1974,3669,2047,259,7628,174,102,58.6,72,41.4,4298,22171,12453,233,189,36,183,76,5269,560,25,10,5285,6434,82.1,85374,29666,10,9.9,11.1,0.1,110,450,125,32,563,17.4,0.2586477987421384,0.48073899371069184,0.2682127882599581
Lyon,19/20,SF,24,44.9,10,5869,669,1881,2684,1366,177,5867,246,165,67.1,81,32.9,3434,17928,9531,217,145,56,158,118,3664,353,24,10,3679,4704,78.2,65004,23262,9,7.8,6.6,1.2,83,268,55,18,354,24.6,0.3204975293917192,0.4573181121144999,0.23274833872891465
Manchester City,19/20,QF,23,62.4,9,7135,440,1426,3663,2104,278,7132,187,128,68.4,59,31.6,5285,25815,14361,270,237,70,108,91,5457,484,23,9,5498,6313,87.1,89852,26242,18,20,19.7,-2,117,452,107,14,486,20.77777777777778,0.19985984583041347,0.5133847231955151,0.2948843728100911
Barcelona,19/20,QF,24,57,9,6898,679,1800,3497,1662,191,6897,206,144,69.9,62,30.1,4358,22417,12123,180,182,41,103,85,5181,404,24,9,5214,6023,86.6,86873,25778,10,11.5,9.7,-1.5,77,392,81,8,407,22.88888888888889,0.2609452015076834,0.5069585387068716,0.24093940272542766
Atlético Madrid,19/20,QF,21,45.1,9.3,5607,571,1569,2615,1478,185,5604,138,84,60.9,54,39.1,2968,15235,7694,139,135,33,145,92,3442,382,21,9.3,3470,4514,76.9,57710,21604,9,10,10.8,-1,89,242,81,10,385,14.838709677419354,0.279828785446763,0.4663813090779383,0.26359907258783666
Atalanta,19/20,QF,23,48.3,9,5349,472,1470,2530,1405,207,5344,149,92,61.7,57,38.3,3283,16536,8075,187,151,50,135,87,3390,332,23,9,3406,4327,78.7,56381,19444,9,10.8,9.2,-1.8,88,248,81,18,333,16.555555555555557,0.2748177229388671,0.4729856047859413,0.26266591886333895
Juventus,19/20,R16,23,59.4,8,6097,488,1505,3084,1555,149,6096,139,93,66.9,45,32.4,3313,18335,9880,196,159,38,100,57,4484,374,23,8,4500,5282,85.2,75892,24190,10,7.9,7.6,2.1,71,336,69,20,377,17.375,0.2468427095292767,0.505822535673282,0.2550434639986879
Napoli,19/20,R16,24,47.5,8,5135,586,1759,2354,1065,151,5131,127,72,56.7,55,43.3,2737,14173,7846,147,102,42,118,88,3452,312,24,8,3470,4229,82.1,58974,21041,6,8.3,6.5,-2.3,81,241,49,15,316,15.875,0.34255111976630964,0.45842259006815966,0.2074001947419669
Liverpool,19/20,R16,20,66.6,8.3,7146,364,1438,3695,2066,286,7146,203,131,64.5,72,35.5,4839,21502,11146,214,177,53,154,75,5213,562,20,8.3,5240,6282,83.4,92842,29463,11,12,11.8,-1,110,472,124,21,564,24.457831325301203,0.2012314581584103,0.5170724881052337,0.2891127903722362
Dortmund,19/20,R16,24,51.8,8,5770,449,1724,2520,1576,215,5769,156,96,61.5,59,37.8,3538,17449,8535,174,149,53,104,83,4135,402,24,8,4169,4921,84.7,70364,22095,9,10.2,10.5,-1.2,74,281,77,12,406,19.5,0.29878682842287696,0.43674176776429807,0.2731369150779896
Real Madrid,19/20,R16,25,54.8,8,6067,521,1686,2662,1760,245,6066,155,97,62.6,58,37.4,3771,20974,10974,195,175,67,105,77,4478,409,25,8,4495,5226,86,76194,23894,14,13.5,11.4,0.5,113,328,100,20,410,19.375,0.2778968188561068,0.43876710070875224,0.29009395088181966
Valencia,19/20,R16,23,48.5,8,4791,612,1684,2158,1001,143,4788,122,66,54.1,56,45.9,2506,12769,6524,122,85,20,106,63,3010,304,23,8,3036,3863,78.6,56160,21381,9,10.8,9,-1.8,76,234,55,17,306,15.25,0.35149238154873724,0.4504278856188687,0.20893341682321018
Chelsea,19/20,R16,22,51.4,8,5160,458,1526,2403,1300,216,5157,191,133,69.6,58,30.4,3174,17493,9170,213,144,60,116,97,3516,354,22,8,3532,4286,82.4,60083,21247,7,12.5,9.5,-5.5,99,227,74,24,355,23.875,0.2957364341085271,0.46569767441860466,0.25193798449612403
Tottenham,19/20,R16,28,50,8,5209,514,1403,2680,1170,159,5207,197,111,56.3,86,43.7,3515,15844,8149,158,126,29,108,80,3530,295,28,8,3554,4312,82.4,57860,19706,15,11.6,9.5,3.4,75,217,74,18,298,24.625,0.26934152428489155,0.5144941447494721,0.22461124976003072
Ajax,19/20,GR,19,54.5,6,3968,374,1173,1768,1078,162,3968,93,61,65.6,32,34.4,2704,12766,6909,122,101,30,86,66,2574,272,19,6,2592,3278,79.1,40831,15061,10,6.8,7.2,3.2,62,189,70,15,273,15.5,0.2956149193548387,0.44556451612903225,0.2716733870967742
RB Salzburg,19/20,GR,21,44.8,6,3536,358,1055,1660,859,157,3534,103,47,45.6,56,54.4,1601,8305,4626,102,65,36,109,53,2045,258,21,6,2061,2763,74.6,32897,14263,13,10.4,8.7,2.6,75,176,67,7,260,17.166666666666668,0.2983597285067873,0.46945701357466063,0.24292986425339366
Inter,19/20,GR,20,41.5,6,3452,456,1377,1521,589,102,3451,93,60,64.5,33,35.5,1786,10323,5414,94,55,27,62,45,2186,168,20,6,2204,2803,78.6,39968,13876,9,8,5.8,1,54,117,35,7,173,15.5,0.3988991888760139,0.4406141367323291,0.17062572421784472
Benfica,19/20,GR,23,48.5,6,3876,387,1241,1678,991,100,3875,89,47,52.8,42,47.2,2215,11741,6480,106,96,17,104,56,2535,266,23,6,2545,3168,80.3,42740,15761,5,6.3,5.5,-1.3,60,194,44,5,266,14.833333333333334,0.3201754385964912,0.4329205366357069,0.25567595459236325
Zenit,19/20,GR,19,39.5,6,3316,435,1238,1393,725,94,3316,100,54,54,46,46,1752,9216,4856,81,65,17,70,41,1871,173,19,6,1882,2543,74,35853,15578,5,5.5,5.3,-0.5,45,148,44,13,175,16.666666666666668,0.3733413751507841,0.4200844390832328,0.21863691194209892
Leverkusen,19/20,GR,20,58.8,6,4727,373,1378,2307,1087,124,4727,114,72,63.2,42,36.8,2901,14663,7212,140,105,22,110,62,3351,262,20,6,3372,4060,83.1,56729,17312,2,6,5.1,-4,62,218,53,14,266,19,0.2915168182779776,0.48804738734927017,0.22995557436005923
Shakhtar,19/20,GR,18,49.8,6,3831,397,1253,1850,763,117,3830,116,73,62.9,43,37.1,2763,15339,8007,139,96,30,87,48,2684,178,18,6,2704,3198,84.6,45044,14877,6,6.5,5.7,-0.5,48,156,44,3,179,19.333333333333332,0.3270686504829026,0.48290263638736625,0.1991647089532759
Dinamo Zagreb,19/20,GR,21,35.2,6,2849,369,931,1330,624,100,2848,144,65,45.1,79,54.9,1516,9267,4606,92,91,20,99,50,1486,133,21,6,1503,2108,71.3,24974,10165,9,6.1,4,2.9,38,74,32,8,135,24,0.32678132678132676,0.4668304668304668,0.21902421902421904
Olympiacos,19/20,GR,17,45,6,3263,428,1196,1498,599,101,3261,126,82,65.1,44,34.9,1736,9107,4657,94,56,23,78,60,2036,186,17,6,2051,2627,78.1,37706,13570,5,5,4.9,0,58,123,39,15,188,21,0.3665338645418327,0.45908673000306466,0.18357339871284095
Loko Moscow,19/20,GR,20,32.3,6,2875,441,1083,1296,530,61,2875,86,51,59.3,35,40.7,1420,7455,3620,63,58,12,103,69,1508,139,20,6,1517,2085,72.8,27504,12024,2,3.2,2.5,-1.2,38,105,18,5,140,14.333333333333334,0.37669565217391304,0.4507826086956522,0.18434782608695652
Club Brugge,19/20,GR,22,41.5,6,3238,354,1077,1315,888,114,3237,99,56,56.6,43,43.4,1957,10172,5187,96,68,25,93,65,1931,277,22,6,1948,2581,75.5,37414,14839,3,4.6,4.9,-1.6,47,173,48,5,280,16.5,0.3326127239036442,0.4061148857319333,0.27424336009882644
Red Star,19/20,GR,19,36.5,6,2906,451,1087,1397,454,78,2905,98,46,46.9,52,53.1,1495,8559,4557,82,57,15,101,45,1631,168,19,6,1641,2193,74.8,28578,11684,2,2.2,2.1,-0.2,38,96,25,9,168,16.333333333333332,0.3740536820371645,0.4807295251204405,0.15622849277357193
Slavia Prague,19/20,GR,20,48.7,6,3808,380,1188,1550,1112,134,3807,98,45,45.9,53,54.1,2141,11432,5369,104,97,27,110,56,2417,270,20,6,2436,3102,78.5,43795,16145,3,6.5,5.6,-3.5,59,188,49,13,272,16.333333333333332,0.3119747899159664,0.4070378151260504,0.2920168067226891
Galatasaray,19/20,GR,20,46.7,6,3593,439,1291,1612,722,61,3593,91,59,64.8,32,35.2,1881,9518,4564,94,75,15,101,58,2291,170,20,6,2309,2971,77.7,39715,15557,1,3.4,3.3,-2.4,38,141,24,10,170,15.166666666666666,0.35930976899526856,0.44865015307542444,0.2009462844419705
Lille,19/20,GR,21,42.7,6,3355,355,1063,1559,786,126,3355,145,81,55.9,63,43.4,1718,9804,5318,116,94,31,103,60,1962,208,21,6,1971,2626,75.1,33687,12657,4,8,5.2,-4,70,143,39,9,211,24.166666666666668,0.31684053651266764,0.4646795827123696,0.23427719821162443
Genk,19/20,GR,20,40.3,6,3250,457,1177,1335,765,87,3250,132,70,53,62,47,1569,9250,4644,95,77,21,107,51,1819,202,20,6,1836,2488,73.8,35523,13832,4,5.4,4.2,-1.4,52,126,38,15,202,22,0.36215384615384616,0.4107692307692308,0.2353846153846154
Liverpool,18/19,W,20,51.6,13,8541,722,2211,4203,2210,375,8536,182,118,64.8,64,35.2,5038,25344,13710,269,214,66,196,151,5583,625,20,13,5613,7191,78.1,100781,34931,17,19.8,17.4,-2.8,140,414,161,27,631,14,0.25886898489638216,0.49209694415173866,0.258751902587519
Tottenham,18/19,F,24,52.5,13,8508,819,2443,4165,1983,316,8508,252,148,58.7,104,41.3,5220,26422,13095,275,194,82,214,153,5693,557,24,13,5730,7075,81,102185,36574,17,16.9,14.8,0.1,151,406,111,21,564,19.384615384615383,0.2871415138692995,0.48953925716972263,0.23307475317348378
Barcelona,18/19,SF,23,61.4,12,9738,777,2460,5027,2321,309,9737,212,129,60.8,83,39.2,5498,27244,14770,260,241,79,131,110,7398,558,23,12,7437,8522,87.3,117990,37319,18,17.9,18,0.1,149,462,122,3,561,17.666666666666668,0.2526186075169439,0.5162250975559664,0.238344629287328
Ajax,18/19,SF,22,52.9,12,7949,678,2244,3815,1967,307,7947,229,128,55.9,101,44.1,4666,23610,12171,236,175,59,205,124,5100,501,22,12,5137,6458,79.5,80365,28967,17,17.6,14.8,-0.6,139,358,112,9,504,19.083333333333332,0.2822996603346333,0.4799345829664109,0.24745250974965405
Manchester City,18/19,QF,21,63,10,7814,497,1493,4363,2026,315,7810,191,117,61.3,73,38.2,5677,29227,16288,312,240,88,115,120,5939,576,21,10,5976,6793,88,97477,29647,20,16.8,16.8,3.2,141,416,128,15,582,19.1,0.1910673150755055,0.558356795495265,0.25927821858203226
Porto,18/19,QF,25,53,10.3,6153,582,1893,2919,1410,230,6148,201,108,53.7,93,46.3,3349,19332,9595,191,166,50,149,123,3738,372,25,10.3,3769,4932,76.4,70712,25766,15,11.1,10.5,3.9,91,266,64,17,379,19.514563106796114,0.3076548025353486,0.47440273037542663,0.22915650901999024
Juventus,18/19,QF,22,55.2,10,6707,534,1679,3533,1565,216,6704,190,114,60,75,39.5,3661,20969,11253,227,180,47,150,93,4690,455,22,10,4714,5657,83.3,86350,28985,11,13.4,12.6,-2.4,119,324,89,29,460,19,0.25033547040405546,0.5267630833457582,0.23333830326524527
Manchester Utd,18/19,QF,26,45.6,10,6044,563,1587,3050,1456,177,6042,145,84,57.9,61,42.1,3230,17230,9405,205,155,58,131,120,4112,394,26,10,4134,5034,82.1,68833,24174,5,6.2,6.3,-1.2,84,306,78,20,397,14.5,0.2625744540039709,0.5046326935804103,0.24090006618133686
Atlético Madrid,18/19,R16,21,48.9,8,5113,336,1176,2552,1434,175,5113,104,63,60.6,41,39.4,2824,14763,7479,151,125,32,106,69,3367,325,21,8,3398,4276,79.5,56377,19398,8,6.5,8.1,1.5,73,267,59,12,328,13,0.23000195579894386,0.4991198904752591,0.280461568550753
Bayern Munich,18/19,R16,20,56.9,8,5916,510,1962,2827,1163,215,5914,125,69,55.2,56,44.8,3543,19116,10448,204,144,61,102,99,4137,368,20,8,4168,5025,82.9,75753,23334,9,11.1,10.4,-2.1,80,244,79,10,371,15.625,0.3316430020283976,0.47785665990534143,0.19658553076402974
Real Madrid,18/19,R16,24,62.1,8,6291,471,1504,2999,1837,269,6291,148,91,61.5,57,38.5,4125,22827,11606,257,167,87,109,78,4660,535,24,8,4682,5445,86,86214,28482,12,15.3,12,-3.3,127,450,87,19,536,18.5,0.23907168971546655,0.47671276426641235,0.2920044508027341
Paris S-G,18/19,R16,20,58.5,8,5982,453,1680,3014,1338,214,5982,155,95,61.3,60,38.7,3577,18391,9879,212,153,58,113,80,4445,339,20,8,4469,5144,86.9,69564,21926,14,15.2,11.6,-1.2,90,272,86,15,340,19.375,0.28084252758274825,0.5038448679371448,0.22367101303911735
Dortmund,18/19,R16,24,60.6,8,6904,418,1656,3659,1641,191,6903,140,80,57.1,59,42.1,4703,22779,11436,170,174,49,138,86,5236,444,24,8,5255,6024,87.2,90388,25808,8,10.6,11.7,-2.6,76,398,73,10,446,17.5,0.2398609501738123,0.5299826187717266,0.2376882966396292
Roma,18/19,R16,24,49.3,8.3,5032,553,1630,2356,1100,189,5031,146,80,54.8,66,45.2,2753,15155,7862,153,100,39,115,81,3268,396,24,8.3,3282,4125,79.6,60190,24233,12,11.6,8.9,0.4,96,291,81,19,399,17.59036144578313,0.3239268680445151,0.4682034976152623,0.21860095389507153
Schalke 04,18/19,R16,27,42.3,8,4164,393,1463,1921,830,125,4161,122,67,54.9,55,45.1,2076,12991,6767,147,104,31,104,102,2419,240,27,8,2440,3273,74.5,46792,16903,4,5.7,4.6,-1.7,55,168,40,7,241,15.25,0.35134486071085497,0.4613352545629203,0.19932756964457252
Lyon,18/19,R16,21,43.6,8,4775,537,1498,2358,978,174,4775,143,92,64.3,51,35.7,2815,15412,8176,157,115,49,118,81,3139,288,21,8,3153,3842,82.1,53662,18974,9,10.2,7.7,-1.2,90,197,55,5,290,17.875,0.313717277486911,0.4938219895287958,0.20481675392670157
Napoli,18/19,GR,18,56.3,6,4755,388,1159,2612,1010,118,4754,76,46,60.5,30,39.5,3012,12223,7116,97,94,16,63,55,3444,312,18,6,3465,4138,83.7,58278,18318,5,7.7,6.9,-2.7,69,247,60,11,312,12.666666666666666,0.2437434279705573,0.54931650893796,0.21240799158780233
Valencia,18/19,GR,22,50.3,6,3679,327,1004,1840,866,122,3678,98,59,60.2,38,38.8,2359,11973,6365,126,99,23,88,68,2465,267,22,6,2480,3051,81.3,42612,16341,2,4.6,5.5,-2.6,50,173,47,14,271,16.333333333333332,0.2729002446316934,0.5001359064963306,0.2353900516444686
Inter,18/19,GR,17,47.7,6,3730,399,1256,1716,785,125,3730,67,34,50.7,33,49.3,1773,10954,5875,129,77,16,68,47,2475,241,17,6,2489,3077,80.9,42946,15899,4,7.4,6.9,-3.4,69,179,50,25,243,11.166666666666666,0.33672922252010723,0.4600536193029491,0.21045576407506703
CSKA Moscow,18/19,GR,22,44.7,6,3354,407,1147,1468,768,114,3352,94,54,57.4,40,42.6,1560,9147,4843,109,85,21,64,51,2046,218,22,6,2055,2660,77.3,36358,13920,5,4.4,3.6,0.6,66,142,47,7,218,15.666666666666666,0.34197972570065593,0.43768634466308887,0.22898032200357782
Benfica,18/19,GR,20,44.3,6,3478,318,1097,1714,722,99,3478,91,56,61.5,35,38.5,2049,10572,5322,106,84,14,80,68,2148,205,20,6,2163,2775,77.9,37500,13917,3,4.7,4.8,-1.7,55,132,39,8,209,15.166666666666666,0.3154111558366878,0.4928119608970673,0.20759056929269695
Viktoria Plzeň,18/19,GR,21,38.8,6,3003,426,1102,1263,673,104,3002,61,30,49.2,31,50.8,1360,8516,4394,93,84,21,53,51,1760,204,21,6,1780,2384,74.7,32555,13869,6,5.8,4.5,0.2,48,122,43,9,205,10.166666666666666,0.366966366966367,0.4205794205794206,0.2241092241092241
Club Brugge,18/19,GR,25,40.2,6,3377,363,1035,1660,706,65,3376,51,35,68.6,16,31.4,1840,9162,4791,100,71,10,98,64,2100,220,25,6,2117,2717,77.9,39775,14149,3,3.3,3.3,-0.3,35,172,33,11,223,8.5,0.30648504589872666,0.4915605567071365,0.20906129700917975
Shakhtar,18/19,GR,20,49.2,6,3774,410,1221,1773,817,130,3774,66,33,50,33,50,2399,12707,6655,135,121,31,83,62,2613,212,20,6,2630,3167,83,44787,14900,8,6.2,4.3,1.8,57,124,49,6,214,11,0.3235294117647059,0.4697933227344992,0.21648118706942238
Galatasaray,18/19,GR,21,53.5,6,3641,320,1028,1799,841,98,3638,94,58,61.7,36,38.3,1718,10045,5426,100,69,15,92,46,2375,211,21,6,2394,3003,79.7,45179,15654,2,6.8,6.1,-4.8,52,177,35,5,212,15.666666666666666,0.28234001647898926,0.49409502883823125,0.23098049986267508
Young Boys,18/19,GR,20,41.3,6,3226,355,983,1561,720,101,3224,66,35,53,31,47,1665,10214,5373,109,100,21,99,47,1924,178,20,6,1939,2538,76.4,35231,14480,1,4.2,4,-3.2,53,158,39,13,180,11,0.30471171729696217,0.4838809671419715,0.2231866088034718
Red Star,18/19,GR,20,30.5,6,2781,476,1227,1158,423,54,2781,70,41,58.6,29,41.4,1520,7429,3466,63,63,11,80,60,1404,116,20,6,1409,2028,69.5,25148,10790,3,2.4,1.9,0.6,30,80,23,8,118,11.666666666666666,0.4412081984897519,0.41639697950377563,0.15210355987055016
Hoffenheim,18/19,GR,25,45,6,3334,327,1058,1594,724,129,3333,86,62,72.1,24,27.9,1683,10428,5924,139,78,30,86,67,2130,257,25,6,2151,2713,79.3,40813,15283,7,8.5,6.5,-1.5,68,164,53,14,260,14.333333333333334,0.3173365326934613,0.47810437912417514,0.21715656868626274
Loko Moscow,18/19,GR,19,45.8,6,3423,329,912,1674,871,111,3422,73,41,56.2,32,43.8,1551,9592,5102,103,81,30,96,74,1937,203,19,6,1958,2670,73.3,31569,13544,2,4.6,6.2,-2.6,59,169,33,3,207,12.166666666666666,0.26643295354951796,0.4890446976336547,0.2544551562956471
PSV Eindhoven,18/19,GR,18,31.8,6,2775,481,1102,1125,580,97,2775,71,38,53.5,33,46.5,1231,7455,3937,85,63,19,78,56,1440,142,18,6,1452,1993,72.9,27682,12527,5,5.5,5.6,-0.5,54,114,29,11,143,11.833333333333334,0.3971171171171171,0.40540540540540543,0.209009009009009
Monaco,18/19,GR,29,45,6,3632,339,1098,1788,782,88,3631,76,36,47.4,40,52.6,2425,13279,7204,135,106,25,77,76,2430,239,29,6,2437,3024,80.6,43127,14600,1,3.2,3.6,-2.2,44,158,49,10,241,12.666666666666666,0.30231277533039647,0.4922907488986784,0.21530837004405287
AEK Athens,18/19,GR,20,40.8,6,3133,429,1064,1611,498,55,3133,87,48,55.2,39,44.8,1737,9883,4799,79,58,14,76,81,1913,142,20,6,1920,2510,76.5,35757,13318,2,4.3,3.8,-2.3,31,123,23,6,142,14.5,0.3396105968720077,0.5142036386849664,0.15895308011490583
